Date,Precipitation,Mean_air_temperature,Mean_relative_humidity,Mean_cloud_cover,Average_air_pressure
06/01/1991,6.9,-3.383333333,92.16666667,7.216666667,997.2666667
13/01/1991,18.5,-7.442857143,82.57142857,5.457142857,1000.728571
20/01/1991,27.2,0.071428571,92.57142857,7.428571429,991.9285714
27/01/1991,10.2,-7.314285714,89.28571429,6.557142857,1000.685714
03/02/1991,10.3,0.485714286,88.14285714,6.857142857,1015.742857
10/02/1991,17,0.442857143,88.28571429,7.042857143,1022.057143
17/02/1991,6.4,-4.685714286,86.71428571,5.671428571,1005.642857
24/02/1991,7.1,-3.985714286,90.85714286,6.528571429,996.6428571
03/03/1991,0.3,-0.728571429,90.14285714,6.285714286,1024.028571
10/03/1991,0,-4.714285714,93,4.471428571,1025.771429
17/03/1991,8.8,-9.8,89.28571429,6.571428571,1008.728571
24/03/1991,2.3,-1.3,93.85714286,6.185714286,1008.1
31/03/1991,14,-4.871428571,83.85714286,5.828571429,1006.457143
07/04/1991,11,-3.242857143,88.28571429,6.614285714,992.9
14/04/1991,8.7,-1.271428571,92.57142857,7.014285714,1008.342857
21/04/1991,0.8,-8.471428571,90.42857143,6.471428571,1015.014286
28/04/1991,12.5,-3.057142857,91.42857143,6.9,1018.114286
05/05/1991,4.5,-0.628571429,90.28571429,6.257142857,1019.3
12/05/1991,5,-4.842857143,89.57142857,5.857142857,1010.642857
19/05/1991,3.1,-1.257142857,91.57142857,6.428571429,1017.514286
26/05/1991,6.6,0.842857143,88.42857143,6.614285714,1009.485714
02/06/1991,11.8,0.814285714,91.14285714,7.242857143,1014.128571
09/06/1991,3.5,-0.785714286,92.42857143,7.571428571,1017.214286
16/06/1991,0,0.414285714,93.57142857,6.714285714,1022.5
23/06/1991,4.4,2.685714286,88.42857143,7.571428571,1008.128571
30/06/1991,0.7,4.057142857,92,7.485714286,1008.142857
07/07/1991,6.8,4.528571429,89.28571429,6.542857143,1007.357143
14/07/1991,0.7,4.7,88.85714286,5.857142857,1009.057143
21/07/1991,1.4,3.242857143,95,8,1016.085714
28/07/1991,0.1,3.514285714,90.85714286,6.371428571,1017.728571
04/08/1991,6,6.085714286,91.14285714,6.985714286,1013.385714
11/08/1991,2,6.8,90.14285714,6.914285714,1007.685714
18/08/1991,23.3,7,90.14285714,6.814285714,1003.828571
25/08/1991,11.6,7.042857143,86.57142857,5.385714286,1005.928571
01/09/1991,19.4,6.585714286,90.71428571,6.657142857,1003.871429
08/09/1991,8.1,3.642857143,86.57142857,6.4,1003
15/09/1991,2.2,2.614285714,87.28571429,6.857142857,1005.071429
22/09/1991,3,3.142857143,89.14285714,7.414285714,1010.414286
29/09/1991,8.3,2.642857143,91.42857143,7.342857143,1000.442857
06/10/1991,2.2,0.957142857,84.71428571,5.8,1010.471429
13/10/1991,32.3,2.228571429,91.42857143,7.1,1002.8
20/10/1991,0.8,-2.7,71.85714286,6.414285714,1009.014286
27/10/1991,11.1,-0.3,83.85714286,7.585714286,1007.442857
03/11/1991,4.6,-1.057142857,83.28571429,7.728571429,1015.557143
10/11/1991,16.2,-3.471428571,84.71428571,7.328571429,994.9285714
17/11/1991,11.1,-4.028571429,87.28571429,6.757142857,1000.714286
24/11/1991,7.1,-5.3,83.71428571,5.957142857,1006.5
01/12/1991,13.1,-1.385714286,92.42857143,7.442857143,1001.214286
08/12/1991,5.7,-2.271428571,88.42857143,6.542857143,1009.885714
15/12/1991,9.6,-2.785714286,84.57142857,6.957142857,995.8714286
22/12/1991,15.1,-2.357142857,86.14285714,6.842857143,973.8571429
29/12/1991,29.6,-7.7,89,7.3,989.4142857
05/01/1992,16.1,-4.757142857,90.42857143,7.571428571,980.7285714
12/01/1992,12.4,-9,89.14285714,7.385714286,999.8
19/01/1992,11.1,-4.042857143,88.85714286,7.914285714,991.6571429
26/01/1992,15.1,-1.257142857,80.14285714,6.8,993.3428571
02/02/1992,9,-3.928571429,86.85714286,7.714285714,992.4571429
09/02/1992,10.9,-18.1,94.57142857,6.057142857,994.9428571
16/02/1992,14.9,-15.47142857,92.57142857,4.5,1004.385714
23/02/1992,5.4,-2.214285714,92.71428571,6.142857143,1000.085714
01/03/1992,5.3,-0.457142857,94.14285714,6.671428571,991.4142857
08/03/1992,4.6,-1.242857143,88.57142857,6.185714286,1002.614286
15/03/1992,26.3,-1.214285714,94.42857143,7,977.6714286
22/03/1992,5.1,-3.614285714,84.42857143,6.1,994.6571429
29/03/1992,2.9,-11.62857143,88.71428571,6.328571429,1005.085714
05/04/1992,3.3,-4.528571429,86.85714286,5.185714286,1018.114286
12/04/1992,2.3,-2.6,90.28571429,7.342857143,1010.742857
19/04/1992,11.2,-4.685714286,85.57142857,5,1008.785714
26/04/1992,3.9,-1.057142857,90.28571429,5.942857143,1025.214286
03/05/1992,1.5,1.1,91.14285714,7.142857143,1004.642857
10/05/1992,9.1,1.228571429,90.42857143,6.671428571,991.6714286
17/05/1992,9.1,-1.2,79.42857143,6.342857143,1006.5
24/05/1992,1.4,0.028571429,84.28571429,6.371428571,1017.6
31/05/1992,3.7,2.1,83.28571429,6.657142857,1017.157143
07/06/1992,10.6,2.671428571,87.14285714,7.057142857,1015.642857
14/06/1992,0.2,5.242857143,91.57142857,6.957142857,1017.214286
21/06/1992,20.8,3.985714286,83,6.142857143,998.6857143
28/06/1992,1.5,2.4,89.28571429,6.657142857,1016.271429
05/07/1992,0,2.614285714,88.71428571,5.571428571,1017.585714
12/07/1992,13.5,4.185714286,89.28571429,7.014285714,1003.028571
19/07/1992,0.5,5.542857143,76.42857143,6.485714286,1008.571429
26/07/1992,0.6,4.014285714,88.57142857,5.942857143,1015.128571
02/08/1992,0.3,6.6,89.42857143,7.571428571,1004.885714
09/08/1992,0.6,5.4,83.14285714,6.128571429,1002.657143
16/08/1992,0.7,5.742857143,80.28571429,5.842857143,1010.028571
23/08/1992,0.7,4.942857143,92.14285714,7.185714286,1020.271429
30/08/1992,11.8,4.457142857,93.14285714,7.528571429,1006.057143
06/09/1992,15.1,3.357142857,82,7.085714286,1009.9
13/09/1992,8.7,5.4,94.14285714,7.128571429,1013.471429
20/09/1992,5.6,4.885714286,93.85714286,7.385714286,1020.5
27/09/1992,4.9,5.157142857,91.14285714,7.1,1016.914286
04/10/1992,1.7,3.028571429,78.57142857,7.428571429,1016.6
11/10/1992,17.6,0.128571429,78.42857143,6.671428571,1006.042857
18/10/1992,2.2,-3.114285714,67.14285714,6.671428571,1015.1
25/10/1992,16.2,-5.785714286,72.71428571,6.1,1003.6
01/11/1992,1.2,-5.857142857,75,4.1,1016.714286
08/11/1992,7,-4.885714286,77.71428571,5.342857143,1005.014286
15/11/1992,27.2,-0.728571429,93.71428571,7.285714286,994.1
22/11/1992,0.7,-0.785714286,85.71428571,6.957142857,1015.242857
29/11/1992,1.7,-3.4,82.71428571,6.871428571,1011.842857
06/12/1992,0.2,-3.428571429,82.57142857,7.442857143,991.2428571
13/12/1992,7.3,-5.428571429,83.28571429,6.614285714,992.2
20/12/1992,40.3,-6.757142857,92.28571429,6.385714286,990.3714286
27/12/1992,21.2,-4.228571429,86,6.871428571,998.5857143
03/01/1993,16.7,-3.7,85.85714286,7.428571429,998.9285714
10/01/1993,49.8,-4.528571429,92,7.614285714,977.3
17/01/1993,12.1,-8.628571429,83.42857143,7.328571429,983.2714286
24/01/1993,26.6,-9.085714286,84.71428571,6.142857143,978.7857143
31/01/1993,20,-7.071428571,94,7.514285714,989.4142857
07/02/1993,20.7,-6.957142857,89.14285714,7.271428571,981.0714286
14/02/1993,7.8,-7.614285714,87.71428571,5.857142857,1009.371429
21/02/1993,4.1,-14.77142857,86.71428571,5.071428571,999.5428571
28/02/1993,18.6,-6.485714286,89.14285714,6.957142857,999.8571429
07/03/1993,7.8,-8.5,89.14285714,7.1,1009.414286
14/03/1993,10.8,-13.97142857,89.14285714,6.085714286,1000.528571
21/03/1993,29.2,-2.814285714,89.42857143,7.042857143,984.8
28/03/1993,9.5,-2.728571429,85,7.342857143,1004.014286
04/04/1993,5.6,-2.214285714,83.85714286,7.3,1029.585714
11/04/1993,12.4,-7.571428571,79.14285714,6.585714286,1014.714286
18/04/1993,2.7,-9.357142857,79.57142857,5.042857143,1021.885714
25/04/1993,18.3,-7.685714286,78.57142857,5.7,1003.685714
02/05/1993,9.9,-1.857142857,80.71428571,7.171428571,1005.057143
09/05/1993,12.8,-0.028571429,84.71428571,7.128571429,1022.514286
16/05/1993,6.4,-4.557142857,85.57142857,7.714285714,1020.171429
23/05/1993,5.2,-1.042857143,90.85714286,7.042857143,1024.385714
30/05/1993,1.6,-1.728571429,91.71428571,7.685714286,1014.457143
06/06/1993,5.1,-0.142857143,89.28571429,5.671428571,1014.414286
13/06/1993,2.2,-0.942857143,88.28571429,6.628571429,1018.457143
20/06/1993,19.2,1.342857143,93.71428571,7.2,1009.871429
27/06/1993,2.5,1.457142857,91.14285714,6.1,1016.985714
04/07/1993,0,1.271428571,95,7.914285714,1015.4
11/07/1993,0.2,0.928571429,92.57142857,6.228571429,1015.8
18/07/1993,1.2,6.4,85,4.157142857,1020.457143
25/07/1993,0.4,2.642857143,94,7.857142857,1019.157143
01/08/1993,0.9,5.685714286,91.57142857,6.8,1013.457143
08/08/1993,6.1,7.385714286,89.71428571,6.585714286,1011.957143
15/08/1993,3.9,8.871428571,89.28571429,5.628571429,1010.4
22/08/1993,4.3,4.942857143,94,7.828571429,1018.542857
29/08/1993,1.2,3.8,91.85714286,6.957142857,1021.271429
05/09/1993,1.5,3.414285714,83.85714286,6.442857143,1012.7
12/09/1993,0.2,2.185714286,88.42857143,6.3,1015.142857
19/09/1993,9.3,1.342857143,84.71428571,7.428571429,1017.757143
26/09/1993,0.4,1.371428571,82.28571429,5.9,1017.528571
03/10/1993,6.8,2.785714286,86.14285714,7.2,1012.314286
10/10/1993,1.6,-2.042857143,72.71428571,6.657142857,1018.171429
17/10/1993,3.7,-5.242857143,72.57142857,7.3,1007
24/10/1993,14.8,-4.285714286,80.85714286,7.1,1006.342857
31/10/1993,21.5,-4.085714286,83.85714286,6.957142857,1001.285714
07/11/1993,12.6,-4.071428571,82,6.142857143,1014.4
14/11/1993,5,1.971428571,93.14285714,5.885714286,1008.785714
21/11/1993,20.4,2.357142857,89.85714286,5.757142857,1014.085714
28/11/1993,3.2,1.242857143,90.14285714,5.042857143,1017.728571
05/12/1993,2.9,-0.071428571,93.71428571,7.714285714,1000.257143
12/12/1993,4.1,-4.557142857,85.14285714,7.385714286,1000.771429
19/12/1993,1.7,-4.642857143,86.42857143,5.942857143,992.6857143
26/12/1993,13.3,-3.271428571,87.71428571,7.057142857,998.3857143
02/01/1994,1.8,-7.657142857,92,6.042857143,1002.242857
09/01/1994,11,-3.257142857,91.85714286,6.271428571,1001.5
16/01/1994,2,-12.52857143,83.42857143,4.242857143,1008.614286
23/01/1994,2,-6.228571429,94,6.185714286,987.8142857
30/01/1994,1.1,-13.5,93,6.342857143,1004.057143
06/02/1994,1.7,-5.257142857,89.42857143,5.771428571,1013.6
13/02/1994,6.9,-2.871428571,93.14285714,6.471428571,1018.2
20/02/1994,7.3,-6.071428571,81.42857143,6.6,1011.114286
27/02/1994,4,-15.57142857,94.14285714,6.242857143,1013.042857
06/03/1994,9,-1.742857143,91.57142857,6.585714286,999.7428571
13/03/1994,6.6,-9.114285714,95.28571429,6.485714286,988.3714286
20/03/1994,6.2,-4.714285714,95.85714286,6.6,991.4142857
27/03/1994,5.5,-2.628571429,93.28571429,5.242857143,1004.2
03/04/1994,3.3,-0.185714286,93.28571429,6.242857143,995.7285714
10/04/1994,3.4,-1.485714286,95.14285714,7.671428571,1005.628571
17/04/1994,9.7,0.271428571,92.14285714,6,1011.314286
24/04/1994,2.2,-4.871428571,88.57142857,6.9,1011.757143
01/05/1994,10.2,-0.328571429,94.28571429,7.428571429,1003.771429
08/05/1994,7.6,-1.314285714,86.42857143,5.628571429,1015.371429
15/05/1994,4.4,-0.971428571,89.28571429,7.628571429,1025.542857
22/05/1994,2.8,-0.942857143,84,5.9,1019.942857
29/05/1994,2.1,-7.93E-18,79.57142857,6.328571429,1012.257143
05/06/1994,6.1,-0.228571429,80.28571429,6.771428571,1001.571429
12/06/1994,1.5,2.128571429,82.57142857,7.585714286,1012.557143
19/06/1994,21.5,3.528571429,91.85714286,6.914285714,997.3571429
26/06/1994,4,2.885714286,92,7,1001.971429
03/07/1994,11.4,4.971428571,91.28571429,6.857142857,1001.285714
10/07/1994,7.3,4.5,84.85714286,5.771428571,1010.442857
17/07/1994,14,6.785714286,89.42857143,7.328571429,1011.914286
24/07/1994,15.9,6.114285714,93.71428571,7.814285714,1014.271429
31/07/1994,3.5,6.928571429,95.42857143,7.714285714,1012.871429
07/08/1994,8.9,6.357142857,93.57142857,7.814285714,1009
14/08/1994,8.7,4.585714286,85.71428571,6.557142857,1006.828571
21/08/1994,9.3,5.171428571,94.57142857,7.757142857,1011.257143
28/08/1994,0.5,5.042857143,92.57142857,7.285714286,1012.471429
04/09/1994,10.6,3.514285714,91,6.9,1003.7
11/09/1994,4.9,3.214285714,92.71428571,6.657142857,1014.714286
18/09/1994,14.5,2.842857143,90.28571429,6.771428571,1003.3
25/09/1994,19.7,2.714285714,93.42857143,7.328571429,1002.014286
02/10/1994,4.5,0.571428571,81.14285714,6.614285714,1001.885714
09/10/1994,14.1,-0.714285714,86.71428571,7.485714286,989.3428571
16/10/1994,23.3,-1.014285714,83,7.342857143,994.7714286
23/10/1994,16.2,-2.442857143,82.42857143,7.242857143,1006.657143
30/10/1994,4.5,-4.385714286,76.42857143,5.9,1018.1
06/11/1994,20.8,-2.114285714,88,7.042857143,1009.385714
13/11/1994,1.2,-6.057142857,87.85714286,7.671428571,1019.871429
20/11/1994,3,-8.4,90.85714286,6.857142857,995.0285714
27/11/1994,6,-1.614285714,92.28571429,6.857142857,989.7
04/12/1994,18.4,-4.071428571,86.28571429,6.614285714,1000.142857
11/12/1994,2.1,-0.085714286,89.71428571,6.614285714,995.6571429
18/12/1994,10.8,-1.542857143,92.71428571,7.2,1003.042857
25/12/1994,15.3,-2.328571429,92.42857143,7.328571429,985.7285714
01/01/1995,14.6,-8.7,87.71428571,7.857142857,981.9571429
08/01/1995,23.5,-6.914285714,90.14285714,5.757142857,1000.071429
15/01/1995,14,-4.342857143,89.28571429,6.428571429,991.1285714
22/01/1995,9.9,-2.242857143,95,7.528571429,1004.785714
29/01/1995,8.9,-11.42857143,89.14285714,7.814285714,997.6142857
05/02/1995,28.5,-8.657142857,82.28571429,7.157142857,983.0142857
12/02/1995,0.3,-12.14285714,80,6,984.2285714
19/02/1995,11,-4.142857143,93.28571429,7.328571429,994.3857143
26/02/1995,13.6,-1.628571429,96.57142857,7.085714286,991.0857143
05/03/1995,29.3,-1.442857143,94.28571429,7.485714286,989.6857143
12/03/1995,13.5,-1.628571429,86.71428571,6.985714286,1020.971429
19/03/1995,18.1,-3.9,89.28571429,7.485714286,991.2142857
26/03/1995,5,-9.585714286,88.42857143,6.757142857,996.2285714
02/04/1995,17.1,-8.171428571,93.71428571,6.757142857,993.2428571
09/04/1995,5,-3.085714286,95.85714286,6.585714286,997.5285714
16/04/1995,2.2,-0.471428571,95.28571429,6.042857143,1006.085714
23/04/1995,3.9,-6.328571429,87.14285714,6.228571429,1012.457143
30/04/1995,1,-6.442857143,83.71428571,5.457142857,1029.5
07/05/1995,3.4,-2.785714286,86.57142857,6.871428571,1018.085714
14/05/1995,0.7,-5.842857143,89.85714286,7.4,1024.428571
21/05/1995,3.6,1.371428571,93.14285714,6.042857143,1008.385714
28/05/1995,0.7,1.685714286,94.14285714,7.014285714,1019.742857
04/06/1995,0,0.828571429,87.28571429,6.9,1026.171429
11/06/1995,6.4,1.471428571,96.71428571,7.728571429,1011.785714
18/06/1995,0.9,2.385714286,92.57142857,6.914285714,1012.542857
25/06/1995,3.1,4.7,91.57142857,6.914285714,1010.957143
02/07/1995,0.5,4.142857143,86.14285714,5.785714286,1005.928571
09/07/1995,12.6,4.385714286,94.42857143,7.385714286,1003.542857
16/07/1995,11.6,3.314285714,96.28571429,7.585714286,1016.157143
23/07/1995,1.9,4.414285714,93.57142857,7.385714286,1003.6
30/07/1995,17.4,4.685714286,94.57142857,7.557142857,1002.871429
06/08/1995,5.7,4.814285714,93.85714286,7.385714286,1009.9
13/08/1995,0.9,6,93,7.171428571,1008.785714
20/08/1995,5.2,6.357142857,91,6.314285714,1002.714286
27/08/1995,1.9,2.842857143,84.71428571,6.628571429,1007.057143
03/09/1995,24.8,4.242857143,93.71428571,7.1,1010.771429
10/09/1995,4.4,2.242857143,90.85714286,6.857142857,1022.928571
17/09/1995,1.6,3.042857143,85.85714286,6.771428571,1019.471429
24/09/1995,11.2,3.528571429,82.71428571,5.871428571,995.6428571
01/10/1995,9.3,2.1,88.14285714,6.385714286,992
08/10/1995,3.7,1.8,84,7.042857143,1009.4
15/10/1995,2.4,1.014285714,80,6.142857143,1007.2
22/10/1995,19.4,-3.128571429,67.14285714,6.614285714,1003.857143
29/10/1995,2.4,-4.1,67.85714286,7.1,1011.971429
05/11/1995,7.7,-5.114285714,78.42857143,6.857142857,1013.742857
12/11/1995,4.5,-6.871428571,82.57142857,7.085714286,1012.114286
19/11/1995,4.8,-10.88571429,76,4.957142857,1008.257143
26/11/1995,0,-12.21428571,77.42857143,4.242857143,1014.4
03/12/1995,3.5,-3.785714286,85.28571429,7,1013.014286
10/12/1995,7.9,0.5,90.85714286,6.614285714,1016.514286
17/12/1995,23.9,-8.028571429,82.28571429,6.771428571,1004.271429
24/12/1995,0.9,-16.82857143,79.28571429,4,1006.485714
31/12/1995,2.6,-18.55714286,79.57142857,3.485714286,1000.242857
07/01/1996,6.8,-15.21428571,82,5.385714286,1013.414286
14/01/1996,9.7,0.371428571,93.85714286,7.242857143,1006.714286
21/01/1996,5.9,0.785714286,88.42857143,6.814285714,1011.857143
28/01/1996,9.6,-2.714285714,82,6.042857143,1017.285714
04/02/1996,5,-13.32857143,82.57142857,5.385714286,1011.228571
11/02/1996,1,-10.45714286,91.57142857,3.771428571,1020.3
18/02/1996,3.2,-18.28571429,77.28571429,4.185714286,1010.742857
25/02/1996,15.8,-4.085714286,90.14285714,6.285714286,1000.371429
03/03/1996,2.3,-3.142857143,89,6.542857143,998.1285714
10/03/1996,12.1,-4.8,86,7,1012.914286
17/03/1996,2.3,0.128571429,89.57142857,6.442857143,1029.8
24/03/1996,4.5,-1.728571429,84.14285714,6.857142857,1012.685714
31/03/1996,1.1,-8.542857143,83.57142857,5.728571429,1013.614286
07/04/1996,18.5,-5.257142857,85.28571429,6.557142857,1008.328571
14/04/1996,9.5,-6.357142857,83.28571429,5.957142857,1026.885714
21/04/1996,0.3,-10.58571429,87.42857143,4.471428571,1024.442857
28/04/1996,7.3,-7.414285714,85.57142857,5.814285714,1013.042857
05/05/1996,2.9,-9.571428571,81.42857143,5.228571429,1010.314286
12/05/1996,3,-3,88.28571429,5.485714286,1017.6
19/05/1996,0.1,-3.314285714,78.28571429,4.757142857,1024.657143
26/05/1996,1.3,-2.042857143,88.42857143,6.385714286,1015.728571
02/06/1996,2.9,-1.614285714,86.71428571,7.157142857,1011.742857
09/06/1996,1.2,1.271428571,92.57142857,7.485714286,1008.614286
16/06/1996,6.8,1.228571429,96.42857143,7.485714286,1014.914286
23/06/1996,0.1,2.271428571,95.71428571,7.328571429,1016.171429
30/06/1996,20.4,3.242857143,93.57142857,7.442857143,1008.271429
07/07/1996,0.1,2.742857143,90.42857143,6.057142857,1007.614286
14/07/1996,1.3,5.128571429,90.42857143,6.385714286,1011.042857
21/07/1996,4,5.514285714,93.85714286,7.614285714,1013.471429
28/07/1996,6.5,4.957142857,96.71428571,7.042857143,1011.042857
04/08/1996,0,3.314285714,93.57142857,6.242857143,1012.828571
11/08/1996,5.2,8.685714286,94.14285714,6.471428571,1019.614286
18/08/1996,12.2,7.285714286,97.57142857,7.342857143,1008.114286
25/08/1996,9.5,4.314285714,88.71428571,6.5,1012.014286
01/09/1996,13.2,5.185714286,94,6.528571429,1015.942857
08/09/1996,30.3,4.071428571,92.42857143,7.4,1016.042857
15/09/1996,28.1,4.114285714,92.57142857,6.814285714,1009.557143
22/09/1996,10.7,1.957142857,90.71428571,6.771428571,1016.014286
29/09/1996,4.7,1.728571429,93.28571429,5.428571429,1012.828571
06/10/1996,3.2,2.871428571,97.85714286,7.471428571,996.3285714
13/10/1996,15.5,1.042857143,89.57142857,6.728571429,982.2714286
20/10/1996,3,-0.557142857,87.14285714,6.485714286,1017.971429
27/10/1996,26.4,0.071428571,88.57142857,7.571428571,1009.071429
03/11/1996,10.3,-1.685714286,93,6.257142857,995.5285714
10/11/1996,13.9,-0.471428571,94.71428571,6,985.4142857
17/11/1996,27.3,-2.471428571,91.42857143,6.714285714,988.4857143
24/11/1996,19.3,-3.042857143,90.85714286,6.442857143,993.0142857
01/12/1996,11.6,-0.742857143,94.14285714,6.342857143,1005.314286
08/12/1996,3.3,-4.171428571,88.57142857,7.371428571,1007.857143
15/12/1996,6.2,-9.828571429,86.71428571,5.471428571,1020.142857
22/12/1996,0.3,-15.47142857,90.42857143,4.328571429,1015.014286
29/12/1996,3.3,-10.95714286,90.42857143,5.442857143,1012.442857
05/01/1997,4.4,-11.34285714,92.71428571,6.471428571,1009.171429
12/01/1997,5.1,-15.18571429,89.71428571,5.4,1003.771429
19/01/1997,6.3,-11.07142857,86.71428571,5.614285714,995.9857143
26/01/1997,11.5,-3.471428571,91,6.371428571,989.1714286
02/02/1997,23.8,-7.871428571,91.28571429,6.628571429,994.3571429
09/02/1997,11.1,-16.9,94.71428571,4.385714286,999.4142857
16/02/1997,3.5,-13.18571429,97.42857143,4.128571429,1009.442857
23/02/1997,10.7,-2.771428571,94.85714286,6.971428571,1000.771429
02/03/1997,15.8,-2.414285714,93.42857143,7.228571429,975.6285714
09/03/1997,27.5,-0.7,92,7.2,981.7857143
16/03/1997,12.5,-8.071428571,85.42857143,6.385714286,1001.1
23/03/1997,0.5,-11.14285714,92.28571429,5.628571429,1029.271429
30/03/1997,7.3,-4.6,91.85714286,5.942857143,1007
06/04/1997,4.4,-10.51428571,88,6.714285714,999.7571429
13/04/1997,2.7,-7.242857143,87.14285714,5.471428571,1013.7
20/04/1997,16.5,-5.928571429,87.14285714,6.7,1003.3
27/04/1997,16.8,-7.571428571,86.42857143,5.857142857,1003.1
04/05/1997,11.6,-3.9,91.28571429,7.571428571,1003.5
11/05/1997,3.1,-0.442857143,94.71428571,7.528571429,1014.685714
18/05/1997,0.8,-3.185714286,84.14285714,7.185714286,1023.342857
25/05/1997,1.7,-4.085714286,86.28571429,6.714285714,1021.814286
01/06/1997,2.7,0.014285714,90.57142857,6.571428571,1020.057143
08/06/1997,0.9,-0.657142857,81.85714286,5.642857143,1015.485714
15/06/1997,6.2,1.485714286,94.28571429,7.485714286,1019.714286
22/06/1997,1.2,2.6,88.85714286,4.385714286,1024.042857
29/06/1997,2.8,1.6,96.28571429,7.957142857,1009.357143
06/07/1997,14.1,2.971428571,94.85714286,7.871428571,1015.885714
13/07/1997,0,4.442857143,93.85714286,6.957142857,1022.257143
20/07/1997,1.3,5.842857143,94.85714286,7.528571429,1019.9
27/07/1997,6,3.685714286,91,5.957142857,1019.914286
03/08/1997,0.8,4.314285714,92.42857143,6.957142857,1014.857143
10/08/1997,15.8,6.671428571,95.14285714,7.428571429,1007.357143
17/08/1997,8.4,3.985714286,93.71428571,7.3,1014.9
24/08/1997,50.6,4.014285714,94.42857143,7.814285714,1005.742857
31/08/1997,7.1,6.614285714,92.14285714,6.042857143,1015.4
07/09/1997,6.1,4.4,96,6.814285714,1012.271429
14/09/1997,16.6,1.742857143,90.42857143,7.728571429,999.2571429
21/09/1997,8.1,1.728571429,94.42857143,7.628571429,994.3428571
28/09/1997,9.4,2.757142857,92,7.385714286,1001.285714
05/10/1997,3.6,4.157142857,95.28571429,7.142857143,1004.457143
12/10/1997,3.1,1.028571429,86.57142857,6.285714286,1010.171429
19/10/1997,45.4,0.714285714,94,7.814285714,1004.2
26/10/1997,16.8,-2.671428571,81.57142857,6.571428571,1003.371429
02/11/1997,19.5,-2.714285714,84.85714286,7.428571429,1000.457143
09/11/1997,4,-7.457142857,77.85714286,6.042857143,1010.442857
16/11/1997,2.6,-2.3,92.57142857,6.114285714,1012.857143
23/11/1997,23.8,1.542857143,94.85714286,7.1,1010.6
30/11/1997,5.4,-1.342857143,95.71428571,6.528571429,1021.528571
07/12/1997,6,-5.314285714,82.28571429,6.142857143,1004.457143
14/12/1997,8.5,-1.6,84.71428571,6.871428571,1006.771429
21/12/1997,5.1,-3.4,84.85714286,6.9,1008.871429
28/12/1997,2.4,-3.471428571,89,5.942857143,1001.028571
04/01/1998,3.2,-2.971428571,92.57142857,6.814285714,1006.757143
11/01/1998,13.4,-1.371428571,93,6.771428571,1008.528571
18/01/1998,4.1,-10.3,85.71428571,5.328571429,1007.571429
25/01/1998,25.7,-9.257142857,84,6.528571429,1005.8
01/02/1998,10.1,-17.87142857,84.71428571,3.314285714,1012.471429
08/02/1998,1.4,-12.02857143,89,3.814285714,1015.485714
15/02/1998,40.7,-4.042857143,94.28571429,7.242857143,995.2285714
22/02/1998,9,-8.714285714,94.71428571,7.3,998.2571429
01/03/1998,26.6,-13.22857143,94.57142857,7.2,996.8142857
08/03/1998,1,-18.11428571,88.71428571,5.771428571,1004.671429
15/03/1998,1.9,-5.171428571,92.57142857,4.9,1013.6
22/03/1998,3.2,-2.542857143,92.42857143,6.128571429,998.5571429
29/03/1998,2,-0.2,90.57142857,7,1011.471429
05/04/1998,0.7,-4.414285714,86.14285714,6.385714286,1016.214286
12/04/1998,1,-14.38571429,89.85714286,7,1017.328571
19/04/1998,0.5,-5.842857143,91.28571429,6.571428571,1021.228571
26/04/1998,15.5,-1.757142857,93.28571429,7.242857143,1019.342857
03/05/1998,13.1,-0.942857143,92.57142857,7.671428571,1014.971429
10/05/1998,3.3,-2.8,89,7.728571429,1010.214286
17/05/1998,16.8,0.485714286,93.42857143,7.557142857,1015.014286
24/05/1998,4.1,-2.828571429,86,7.1,1008.071429
31/05/1998,0.1,-2.457142857,84.57142857,7.571428571,1020.885714
07/06/1998,3.1,0.542857143,94.57142857,7.542857143,1014.942857
14/06/1998,0.7,1.285714286,93.71428571,6.714285714,1008.642857
21/06/1998,0.2,1.271428571,91.85714286,5.1,1029.028571
28/06/1998,0.4,2.285714286,96.28571429,7.1,1026.071429
05/07/1998,0.5,2.2,94,7.142857143,1013.442857
12/07/1998,3.8,4.742857143,97,7.771428571,1007.657143
19/07/1998,0.6,4.385714286,96,8,1011.785714
26/07/1998,9.6,5.414285714,96.57142857,7.142857143,1016.957143
02/08/1998,0.5,5.571428571,94.71428571,7.142857143,1012.9
09/08/1998,0,6.414285714,91.42857143,7.228571429,1012.242857
16/08/1998,0.3,6.371428571,92.57142857,6.2,1019.614286
23/08/1998,1.7,6.571428571,91.14285714,5.785714286,1003.914286
30/08/1998,8.4,6.742857143,92.85714286,7.528571429,1015.614286
06/09/1998,8.1,6.085714286,96.57142857,7.614285714,1020.985714
13/09/1998,21.8,2.142857143,87.85714286,5.485714286,1011.542857
20/09/1998,8.2,3.428571429,92.85714286,6.628571429,1016.914286
27/09/1998,10.9,1.9,90,6.957142857,1016.285714
04/10/1998,7.3,1.585714286,91.85714286,6.257142857,1017.6
11/10/1998,6.7,0.357142857,84.28571429,7.485714286,1007.714286
18/10/1998,2.5,1.428571429,89.85714286,7.542857143,999.6571429
25/10/1998,12.6,0.271428571,90.28571429,6.728571429,999.4714286
01/11/1998,4.4,1.371428571,86.57142857,7.657142857,1009.114286
08/11/1998,10,-1.971428571,82.71428571,5.571428571,1007.685714
15/11/1998,1.2,-3.171428571,87.28571429,6.271428571,1025.1
22/11/1998,18.4,-1.2,89.42857143,6.914285714,1014.928571
29/11/1998,10.1,1.414285714,95.42857143,5.385714286,1005.428571
06/12/1998,20.2,-3.657142857,84.71428571,6.585714286,1001.928571
13/12/1998,26.9,1.271428571,93.28571429,7,994.0571429
20/12/1998,14.4,-2.671428571,90.28571429,6.385714286,989.7142857
27/12/1998,0.9,-7.471428571,83.57142857,3.271428571,1003.285714
03/01/1999,6.1,-5.514285714,87.42857143,6.042857143,1000.642857
10/01/1999,21.9,-7.128571429,91.28571429,4.957142857,1000.485714
17/01/1999,12.7,-3.028571429,91.57142857,5.471428571,1000.857143
24/01/1999,11.5,-1.057142857,90.71428571,6.442857143,1002.6
31/01/1999,8.8,-4.114285714,90.85714286,6.042857143,1005.514286
07/02/1999,21.6,-4.757142857,92.85714286,6.814285714,998.3571429
14/02/1999,13.2,-4.742857143,93,5.671428571,991.2428571
21/02/1999,7.8,-10.25714286,90.85714286,6.485714286,994.5
28/02/1999,3.2,-2.371428571,92.14285714,6.042857143,1001.142857
07/03/1999,5.5,-2.9,94,5.571428571,1012.728571
14/03/1999,2.4,-2.6,94.71428571,5.185714286,1026.228571
21/03/1999,44.1,-0.5,95.42857143,7.628571429,1006.428571
28/03/1999,8.4,-4.342857143,88.28571429,5.814285714,1005.685714
04/04/1999,3.7,-2.428571429,86.42857143,6,1007.3
11/04/1999,4.3,-6.571428571,91.42857143,6.671428571,997.8
18/04/1999,8.4,-3.885714286,92,6.285714286,1014.857143
25/04/1999,3.3,-1.9,85.14285714,6.571428571,1015.442857
02/05/1999,4,-3.057142857,86.85714286,5.714285714,1016.071429
09/05/1999,5.3,-2.657142857,89.42857143,6.242857143,1025.971429
16/05/1999,0.7,0.771428571,91.85714286,7.485714286,1021.371429
23/05/1999,6.3,2.042857143,92,7.185714286,1012.385714
30/05/1999,0.8,1.2,90.71428571,7.514285714,1017.728571
06/06/1999,0.3,1.214285714,86.57142857,6.514285714,1009.285714
13/06/1999,9.5,4.471428571,95.42857143,7.1,1015.514286
20/06/1999,11.1,5.885714286,92.14285714,6.871428571,1000.542857
27/06/1999,0.5,6.042857143,90.57142857,6.471428571,1015.128571
04/07/1999,0.4,5.2,88.57142857,7.185714286,1007.9
11/07/1999,9.7,4.557142857,94,6.914285714,1009.028571
18/07/1999,0.7,7.914285714,91.85714286,4.914285714,1007.028571
25/07/1999,0.1,4.071428571,95,7.857142857,1004.014286
01/08/1999,1.4,5.414285714,91.28571429,6.8,1007.514286
08/08/1999,11.4,4.285714286,95.42857143,7.714285714,1013.085714
15/08/1999,0.4,4.428571429,94.57142857,6.771428571,1013.657143
22/08/1999,2.7,3.671428571,96.28571429,7.371428571,1012.842857
29/08/1999,8.7,4.771428571,87.85714286,6.757142857,1007.285714
05/09/1999,36.3,6.457142857,93.14285714,7.114285714,993.0142857
12/09/1999,6.3,5.6,94.42857143,7.771428571,1010.457143
19/09/1999,1,4.971428571,90.14285714,6.628571429,1021.414286
26/09/1999,3.6,3.842857143,92.85714286,7.185714286,1009.471429
03/10/1999,7.5,2.442857143,83.28571429,5.857142857,998.0714286
10/10/1999,9.8,1.514285714,86.42857143,7.042857143,1008.957143
17/10/1999,8.5,1.971428571,89.57142857,7.657142857,1012.6
24/10/1999,2.5,0.6,85,6.314285714,1011.242857
31/10/1999,23.4,-0.628571429,85.57142857,7.528571429,995.6428571
07/11/1999,26.9,2.228571429,87.57142857,7.1,1001.257143
14/11/1999,9.3,-2.114285714,85,7.228571429,1003.828571
21/11/1999,11.7,1.042857143,94,6.857142857,1002.485714
28/11/1999,15,0.971428571,95.28571429,7,988.9857143
05/12/1999,12.1,-3.814285714,86.85714286,6.057142857,979.7571429
12/12/1999,3.5,-5.071428571,86.14285714,6.228571429,992.2571429
19/12/1999,8.1,-5.371428571,87.14285714,4.471428571,994.9714286
26/12/1999,2.4,-4.957142857,86.28571429,6.557142857,998.6428571
02/01/2000,2.8,-0.071428571,93.71428571,5.671428571,1002.642857
09/01/2000,7,-0.257142857,92.71428571,6.285714286,980.5428571
16/01/2000,7.5,-1.642857143,87.85714286,5.7,993.0285714
23/01/2000,1.8,-7.857142857,78.57142857,6.285714286,1006.942857
30/01/2000,7.6,-6.657142857,90.57142857,5.771428571,979.9285714
06/02/2000,15.7,-6.442857143,92.14285714,7.014285714,980.8
13/02/2000,20.9,-4.2,94.85714286,6.671428571,976.9142857
20/02/2000,4.8,-4.414285714,92.71428571,7.242857143,1000.3
27/02/2000,2.9,-3.528571429,88.71428571,5.771428571,1010.442857
05/03/2000,14.8,-10.45714286,89.57142857,6.514285714,1001.214286
12/03/2000,33.1,-10.4,90.28571429,6.014285714,1002.6
19/03/2000,16.9,-3.528571429,89.14285714,5.857142857,992.3571429
26/03/2000,13.8,-5.842857143,91,5.271428571,994.1714286
02/04/2000,3,-11.98571429,88,6.042857143,1011.042857
09/04/2000,4.6,-4.928571429,88.57142857,4.314285714,1007.471429
16/04/2000,15.6,-6.728571429,91,6.542857143,1007.5
23/04/2000,19.3,-4.871428571,89.28571429,5.942857143,1008.271429
30/04/2000,6.2,-5.028571429,87.57142857,5.142857143,1019.8
07/05/2000,4.7,-1.5,89.57142857,7.585714286,1008.385714
14/05/2000,6.7,-2.314285714,83.85714286,6.1,1006.928571
21/05/2000,12.8,-0.157142857,90.42857143,6.771428571,1010.2
28/05/2000,0.6,1.057142857,95.14285714,7.242857143,1013.871429
04/06/2000,5.7,2.585714286,95,6.614285714,1005.128571
11/06/2000,2.8,1.371428571,81.85714286,6.571428571,1011.457143
18/06/2000,3.2,2.085714286,89.42857143,6.585714286,1006.728571
25/06/2000,2.4,2.585714286,95,7.528571429,1011.728571
02/07/2000,8.4,2.428571429,95.57142857,6.771428571,1022.714286
09/07/2000,0.5,3.142857143,93.14285714,7.142857143,1013.942857
16/07/2000,6.8,4.085714286,95.57142857,7.857142857,1007.842857
23/07/2000,5.2,7.4,93.14285714,6.285714286,1014.4
30/07/2000,4.2,5.057142857,91.85714286,5.942857143,1013.828571
06/08/2000,6.8,6.7,95.14285714,7.328571429,1010.685714
13/08/2000,6.9,5.028571429,96,7.571428571,1004.942857
20/08/2000,0.6,3.857142857,92.85714286,6.942857143,1017.771429
27/08/2000,4,4.471428571,92,6.914285714,1005.971429
03/09/2000,8.2,3.185714286,89,6.528571429,1010.328571
10/09/2000,1.9,4.757142857,93.57142857,7.042857143,1005.414286
17/09/2000,18.5,4.7,93.85714286,7.2,1006.714286
24/09/2000,5.3,3.828571429,90.28571429,7.3,1014.585714
01/10/2000,4.9,4.028571429,93.57142857,7.142857143,1011.542857
08/10/2000,6.2,5.928571429,95,7.228571429,1009.771429
15/10/2000,10.9,4.285714286,95.28571429,7.1,1007.814286
22/10/2000,30.6,5.542857143,96,7.185714286,1004.214286
29/10/2000,2.9,0.971428571,90.57142857,5.285714286,1011.542857
05/11/2000,1.3,0.928571429,87.28571429,5.557142857,1011.342857
12/11/2000,18.4,-0.742857143,85.42857143,6.628571429,1008.642857
19/11/2000,8.3,-0.114285714,93.57142857,6.385714286,1013.871429
26/11/2000,3.8,1.071428571,93,7.242857143,1014.442857
03/12/2000,5.7,0,88.14285714,6.514285714,1008.442857
10/12/2000,22.5,-4.142857143,81.42857143,6.085714286,1003.928571
17/12/2000,30.2,-3.328571429,84,6.414285714,998.2857143
24/12/2000,22,-2.857142857,89,6.557142857,1009.871429
31/12/2000,12,-3.642857143,92,5.385714286,1007.571429
07/01/2001,3.5,-2.728571429,87.85714286,6.342857143,1001.285714
14/01/2001,6.7,-4.842857143,90.28571429,5.771428571,1004.014286
21/01/2001,18.2,-2.528571429,90,5.614285714,1002.328571
28/01/2001,6.8,-0.785714286,94.71428571,6.942857143,1005.742857
04/02/2001,8.3,-1.7,92.28571429,5.957142857,1031.628571
11/02/2001,16.1,-5.157142857,90.57142857,5.957142857,1002.842857
18/02/2001,7.5,-2.857142857,88.14285714,7.1,995.3571429
25/02/2001,5.5,-5.371428571,91.42857143,5.942857143,1007.442857
04/03/2001,10.5,-8.328571429,94.28571429,6.914285714,1013.742857
11/03/2001,3.4,-6.7,92.28571429,5.885714286,1003.657143
18/03/2001,3.6,-12.05714286,88.85714286,4.757142857,1014.628571
25/03/2001,0.4,-13.37142857,92.71428571,4.371428571,1021.114286
01/04/2001,7,-7.971428571,93.57142857,5.285714286,1008.942857
08/04/2001,1.6,-11.68571429,87.42857143,3.885714286,1008.642857
15/04/2001,23.8,-8.571428571,92.85714286,6.9,1012.785714
22/04/2001,6,-6.385714286,93.14285714,6.914285714,1009.228571
29/04/2001,23.6,-1.642857143,95,6.1,1012.657143
06/05/2001,9.6,-0.128571429,94.28571429,7.1,998.7857143
13/05/2001,5.4,-0.5,94.71428571,7.585714286,1011.928571
20/05/2001,16.1,-0.271428571,94.57142857,7.585714286,1015.228571
27/05/2001,1.6,-0.6,90.28571429,7.528571429,1020.328571
03/06/2001,1.8,-0.128571429,89.14285714,6.571428571,1009.971429
10/06/2001,4.5,1.257142857,95.42857143,6.771428571,1006.257143
17/06/2001,2.2,3.657142857,95.57142857,6.957142857,1015.285714
24/06/2001,0.1,6.371428571,89.14285714,6.557142857,1020.985714
01/07/2001,1.3,3.885714286,92.71428571,6.385714286,1015.571429
08/07/2001,2,4.771428571,95.85714286,7.471428571,1011.257143
15/07/2001,17.9,5.414285714,93,6.085714286,1004.114286
22/07/2001,7.6,3.871428571,95.85714286,7.671428571,1018.642857
29/07/2001,5.3,5.985714286,94.57142857,7.485714286,1011.871429
05/08/2001,60.5,4.428571429,94.42857143,7.2,1000.428571
12/08/2001,0.9,6.085714286,96.28571429,7.771428571,1009.785714
19/08/2001,4.4,4.571428571,90.85714286,7.385714286,1005.785714
26/08/2001,0.3,4.128571429,91.14285714,7.242857143,1022.785714
02/09/2001,2,7.257142857,95.28571429,7.714285714,1013.5
09/09/2001,11.8,6.714285714,94.71428571,7.285714286,1008.914286
16/09/2001,2.6,8.757142857,92.57142857,6.2,1008.9
23/09/2001,1.9,3.585714286,86.14285714,7.014285714,1021.2
30/09/2001,5.6,1.442857143,84,6.528571429,1008.271429
07/10/2001,9.1,0.6,83.85714286,5.757142857,1007.771429
14/10/2001,1.6,2.514285714,87.71428571,5.671428571,1002.342857
21/10/2001,6.8,0.642857143,84.57142857,7.114285714,1009.828571
28/10/2001,9.6,-2.228571429,74.71428571,7.214285714,1006.6
04/11/2001,8.6,-4.957142857,74.28571429,5.857142857,998.3428571
11/11/2001,9.2,-6.614285714,66.71428571,6.185714286,991.9428571
18/11/2001,6.7,-6.757142857,76.42857143,6.842857143,1000.314286
25/11/2001,25.6,-1.4,85.85714286,7.285714286,989.1142857
02/12/2001,8.5,0.914285714,86.14285714,5.671428571,1005.428571
09/12/2001,6.1,1.485714286,90.71428571,5.314285714,1015.457143
16/12/2001,8.8,0.171428571,89.42857143,7.671428571,1010.042857
23/12/2001,6,-10.82857143,73.71428571,6.542857143,1010.857143
30/12/2001,6.6,-10.11428571,87.71428571,5.3,1002.4
06/01/2002,3,-4.985714286,85,5.914285714,1003.3
13/01/2002,17.9,-2.085714286,83.14285714,6.628571429,980.4285714
20/01/2002,3.6,-10.62857143,78.57142857,5.328571429,1007.614286
27/01/2002,7.7,-8.885714286,81.85714286,5.5,995.0571429
03/02/2002,3.6,-9.971428571,88.42857143,5.914285714,1000.514286
10/02/2002,11.9,-3.085714286,85.42857143,6.628571429,998.4428571
17/02/2002,14.7,-5.085714286,86.28571429,5,986.2714286
24/02/2002,24.7,-12.58571429,82.42857143,6.642857143,983.6428571
03/03/2002,9,-6.985714286,88.71428571,6.042857143,988.3142857
10/03/2002,4.5,-7.185714286,79.57142857,5.8,990.4428571
17/03/2002,12,-8.685714286,81.57142857,6.428571429,1006.485714
24/03/2002,4.3,-9.9,83.28571429,6.1,1015.628571
31/03/2002,23.1,-1.314285714,92.71428571,7.285714286,1004.742857
07/04/2002,11.6,6.34E-17,88.14285714,6.957142857,1017.471429
14/04/2002,8.5,-1.114285714,86.14285714,6.728571429,1008.571429
21/04/2002,1.1,0.485714286,83,6.614285714,1019.428571
28/04/2002,13.9,-0.628571429,89.57142857,6.957142857,1005.171429
05/05/2002,10.6,-0.871428571,91.57142857,6.471428571,1011.585714
12/05/2002,5.2,-1.328571429,78.14285714,6.2,1018.385714
19/05/2002,4.4,-0.171428571,81.85714286,6.371428571,1014.114286
26/05/2002,0.3,-1.971428571,77.42857143,6.385714286,1026.1
02/06/2002,0,4.528571429,85.42857143,6.1,1022.685714
09/06/2002,0.6,5.257142857,92.42857143,7.771428571,1017.742857
16/06/2002,2,3.385714286,86.57142857,6.128571429,1013.514286
23/06/2002,6.8,4.042857143,78.28571429,5.771428571,1004.671429
30/06/2002,0.4,5.085714286,82.57142857,7.5,1012.085714
07/07/2002,0.4,4.514285714,93.28571429,7.857142857,1006.228571
14/07/2002,0.2,5.428571429,80.57142857,4.571428571,1021.471429
21/07/2002,1.3,7.942857143,85.71428571,7.128571429,1014.657143
28/07/2002,4.2,5.885714286,87.85714286,6.2,1004.5
04/08/2002,12.6,5.571428571,90.42857143,7.4,1013.9
11/08/2002,11.8,6.442857143,90.28571429,7.3,1016.442857
18/08/2002,11,7.771428571,92.57142857,6.857142857,1016.642857
25/08/2002,17.8,8.828571429,93.28571429,7.242857143,1016.857143
01/09/2002,7.8,4.814285714,87.71428571,7.342857143,1006.214286
08/09/2002,5.9,4.1,81.28571429,6.171428571,1007.857143
15/09/2002,29.8,4.642857143,91,7.714285714,1016.471429
22/09/2002,1.6,2.528571429,83.57142857,6.671428571,1013.642857
29/09/2002,20.5,0.428571429,80.28571429,7.142857143,1008.157143
06/10/2002,17,0.257142857,83,6.4,1019.042857
13/10/2002,0.9,4.2,89.28571429,6.128571429,1032.5
20/10/2002,5.2,-0.857142857,81.14285714,6.614285714,1015.842857
27/10/2002,2.5,-0.657142857,84.71428571,6.828571429,1005.814286
03/11/2002,4,-2.757142857,80,5.671428571,1004.785714
10/11/2002,1,-3.4,81.42857143,5.857142857,1018.614286
17/11/2002,0.1,-4.285714286,82.57142857,5.528571429,1013.871429
24/11/2002,3.4,0.114285714,90.57142857,6.957142857,1018.071429
01/12/2002,0.9,-1.557142857,83.85714286,5.571428571,1024.857143
08/12/2002,3.1,1.585714286,90.28571429,7.171428571,1026.057143
15/12/2002,5.7,-1.414285714,82.71428571,7,1011.957143
22/12/2002,10.4,-11.37142857,81.28571429,5.342857143,1005.357143
29/12/2002,1.6,-3.814285714,84.71428571,5.771428571,1022.085714
05/01/2003,0.5,-7.385714286,87.57142857,5.285714286,1015.057143
12/01/2003,31.4,-9.257142857,86.14285714,4.471428571,1003
19/01/2003,2.4,-20.44285714,81.14285714,4.142857143,997.6714286
26/01/2003,17.5,-12.48571429,85.28571429,4.328571429,997.7428571
02/02/2003,0.8,-16.04285714,83.14285714,1.857142857,1003.971429
09/02/2003,4.1,-2.928571429,90.85714286,6.371428571,997.8142857
16/02/2003,14.2,-1.971428571,91.57142857,6.8,1009.671429
23/02/2003,8.5,-0.892857143,87,7.271428571,1006.528571
02/03/2003,20,-4.985714286,83.28571429,6.814285714,1010.528571
09/03/2003,12.1,-5.185714286,90.28571429,6.714285714,1002.771429
16/03/2003,9.2,-8.928571429,83.85714286,5.942857143,999.1285714
23/03/2003,18,-7.971428571,87,6.857142857,997.5857143
30/03/2003,6.6,-12.35714286,84.28571429,4.771428571,1001
06/04/2003,18.3,-10.72857143,82.14285714,7.1,1000.871429
13/04/2003,2.6,1.014285714,88.85714286,5.814285714,1018.957143
20/04/2003,1.7,1.2,88.57142857,5.228571429,1019.885714
27/04/2003,1.7,-7.928571429,74.42857143,6.742857143,1027.942857
04/05/2003,0.4,-8.114285714,80,5.757142857,1014.214286
11/05/2003,0.4,-2.285714286,86.85714286,7.242857143,1008.628571
18/05/2003,3.8,0.271428571,87.85714286,6.942857143,1016.728571
25/05/2003,0.4,-0.2,91,7.1,1014.1
01/06/2003,0,-1.128571429,82.14285714,6,1015.671429
08/06/2003,0.6,0.4,81.85714286,6.828571429,1018.185714
15/06/2003,1.1,0.528571429,87.14285714,7,1011.885714
22/06/2003,0.7,2.571428571,85.14285714,7.428571429,1012.457143
29/06/2003,0.3,5.071428571,89.28571429,7.585714286,1019.657143
06/07/2003,0.7,3.357142857,89.85714286,7.228571429,1013.914286
13/07/2003,5.3,5.242857143,84.14285714,6.714285714,1016.014286
20/07/2003,3.5,6.157142857,89.71428571,7.228571429,1015.671429
27/07/2003,18,3.014285714,91.28571429,7.857142857,1014.528571
03/08/2003,4.7,8.071428571,94.28571429,7,1010.785714
10/08/2003,1.2,5.842857143,89.14285714,6.385714286,1018.328571
17/08/2003,2.6,6.014285714,93.14285714,7.285714286,1017.5
24/08/2003,5.4,3.8,95.85714286,7.571428571,1011.9
31/08/2003,0.5,2.014285714,87.85714286,7.128571429,1015.714286
07/09/2003,14,5.4,91.14285714,6.985714286,1004.714286
14/09/2003,10.9,6.214285714,90.71428571,7.228571429,1011.2
21/09/2003,19.6,1.357142857,79,7.328571429,999.4571429
28/09/2003,28.5,1.4,89.42857143,7.557142857,993.4142857
05/10/2003,4.6,3.614285714,93,7.2,1002.271429
12/10/2003,3.6,1.271428571,89.14285714,7.528571429,996.7142857
19/10/2003,3.9,-0.442857143,79.71428571,7.057142857,1021.671429
26/10/2003,5.2,-3.257142857,81,6.857142857,1014.157143
02/11/2003,7.3,-1.642857143,88.14285714,7.171428571,992.9285714
09/11/2003,11.5,0.414285714,96.14285714,7.342857143,1010.557143
16/11/2003,21.4,0.014285714,89.42857143,7.585714286,1011.514286
23/11/2003,18.1,-1.442857143,87.85714286,6.2,1004.185714
30/11/2003,3.8,0.685714286,89.42857143,6.285714286,1003.3
07/12/2003,31.4,-1.714285714,90.42857143,7.528571429,993.4
14/12/2003,10,-10.12857143,83.42857143,6.585714286,994.2285714
21/12/2003,0.1,-15.97142857,77.28571429,2.142857143,1004.071429
28/12/2003,15.2,-14.54285714,85.85714286,4.371428571,998.2
04/01/2004,10.3,-4.957142857,88.85714286,6.142857143,1013
11/01/2004,6.5,-4.642857143,89.28571429,6.228571429,1002.928571
18/01/2004,9.6,-10.44285714,87.14285714,7.671428571,1007.557143
25/01/2004,43.4,-4.742857143,90.42857143,6.671428571,1000.114286
01/02/2004,12.9,-4.985714286,87.57142857,6.957142857,1000.542857
08/02/2004,3.8,-15.51428571,86.42857143,7,1003.042857
15/02/2004,8.4,-8.085714286,89.71428571,5.957142857,1006.314286
22/02/2004,11.9,-6.2,86.28571429,6.757142857,996.9285714
29/02/2004,3.5,-15.28571429,84,4.942857143,1009.171429
07/03/2004,7.2,-2.814285714,86.71428571,6.1,1013.342857
14/03/2004,0.8,0.114285714,86.42857143,7.328571429,1018.242857
21/03/2004,6.6,0.1,88.42857143,6.857142857,1004.042857
28/03/2004,2.9,-0.942857143,84.42857143,6.142857143,1015.342857
04/04/2004,7.2,-1.157142857,88.14285714,7.2,1013.9
11/04/2004,14.3,0.142857143,92.42857143,7.2,998.6142857
18/04/2004,18,0.971428571,88.71428571,6.614285714,1009.228571
25/04/2004,0,-0.014285714,76.14285714,6.914285714,1029.757143
02/05/2004,4.1,2.128571429,89,6.528571429,1012.414286
09/05/2004,11.4,0.714285714,92.14285714,7.728571429,1013.714286
16/05/2004,1.5,-3.428571429,74.57142857,6.985714286,1021.128571
23/05/2004,7.9,1.9,86.85714286,6.942857143,1004.285714
30/05/2004,5.3,2.9,77.42857143,6.8,1019.557143
06/06/2004,1.7,0.714285714,77.28571429,6.614285714,1019.871429
13/06/2004,4.6,3.228571429,81.57142857,6.7,1008.571429
20/06/2004,5.5,2.042857143,91,7.714285714,1003.257143
27/06/2004,0.5,3.585714286,89.42857143,7.485714286,1013.357143
04/07/2004,12.6,6.985714286,84.57142857,6.157142857,1013.157143
11/07/2004,3.6,7.242857143,89.85714286,7.1,1010.471429
18/07/2004,4.1,6.871428571,91.71428571,6.857142857,1007.342857
25/07/2004,3.5,9.257142857,90.14285714,7.228571429,1017.585714
01/08/2004,2.4,12.11428571,81.71428571,5.014285714,1017.414286
08/08/2004,0.2,7.971428571,89.71428571,7.142857143,1023.642857
15/08/2004,3,5.685714286,86.85714286,6.328571429,1016.028571
22/08/2004,42.8,5.3,87.28571429,6.657142857,1008.457143
29/08/2004,0.3,7.2,88.57142857,6.128571429,1011.857143
05/09/2004,3.9,7.985714286,88,6.471428571,1014.757143
12/09/2004,52.5,4.028571429,88,7.2,997.5857143
19/09/2004,23.1,2.414285714,84.28571429,7.657142857,1001.471429
26/09/2004,6.6,4.542857143,94.28571429,7.657142857,1004.614286
03/10/2004,1.8,4.214285714,94.85714286,7.714285714,1009.6
10/10/2004,6.3,-0.057142857,78.85714286,7.014285714,1012
17/10/2004,4,0.985714286,80,6.628571429,1010.442857
24/10/2004,2.7,-0.328571429,82.71428571,5.328571429,1011.585714
31/10/2004,11.7,-0.5,83.28571429,6.742857143,1000.942857
07/11/2004,8.3,0.042857143,79.57142857,7.371428571,996.9142857
14/11/2004,21.8,-3.185714286,78.42857143,7.157142857,993.9
21/11/2004,2.2,-7.985714286,72.28571429,6.428571429,1001.814286
28/11/2004,15.3,-7.114285714,84.42857143,7.371428571,1009.814286
05/12/2004,39.1,-2.2,90.14285714,6.614285714,991.7857143
12/12/2004,24,-1.528571429,85.28571429,7.142857143,993.8857143
19/12/2004,23.6,-1.628571429,86.85714286,7.057142857,977.4
26/12/2004,12.3,-2.471428571,87.57142857,6.328571429,981.5428571
02/01/2005,9.5,-0.357142857,90.28571429,6.285714286,981.1571429
09/01/2005,5.4,-1.314285714,85.57142857,7.214285714,987.1
16/01/2005,2.5,-3.242857143,79.28571429,5.385714286,998.1285714
23/01/2005,9.1,-1.471428571,86.71428571,7.142857143,988.5857143
30/01/2005,13,-2.671428571,84.57142857,6.185714286,1001.914286
06/02/2005,8.7,-2.528571429,87,7.285714286,995.5142857
13/02/2005,7.4,1.157142857,87.71428571,7.028571429,990.9428571
20/02/2005,7.7,-1.214285714,85.57142857,6.728571429,1003.571429
27/02/2005,0.8,-4.585714286,76.14285714,6.528571429,1026.4
06/03/2005,9.2,-7.714285714,85.58885018,6.316027874,1005.852265
13/03/2005,10.7,-12.55714286,87.77351916,6.256445993,1004.265854
20/03/2005,9,-7.6,86.57560975,6.428771777,1003.999242
27/03/2005,9.5,-4.342857143,86.17421603,6.049825784,1006.580836
03/04/2005,7,-3.842857143,82.17770035,5.897212544,1009.641812
10/04/2005,12.3,-1.957142857,88.42857143,7.328571429,999.8142857
17/04/2005,3.2,-1.314285714,82.14285714,5.714285714,1014.071429
24/04/2005,2,-0.2,87,7.528571429,1014.1
01/05/2005,5.4,-4.8,72,6.485714286,1028.842857
08/05/2005,0.5,0.171428571,79.42857143,7.285714286,1017.814286
15/05/2005,16.9,0.185714286,85.57142857,6.871428571,1006.871429
22/05/2005,4.5,-2.157142857,75.28571429,6.642857143,1012.085714
29/05/2005,18.9,0.714285714,84.71428571,6.242857143,1004.485714
05/06/2005,4.5,1.3,85.71777003,6.085714286,1010.457143
12/06/2005,11.8,2.785714286,88.44041812,5.678571429,1014.714286
19/06/2005,0,3.428571429,88.91986063,5.217857143,1025.585714
26/06/2005,17.9,4.128571429,90.32404181,7.360714286,1006.414286
03/07/2005,2.3,4.957142857,90.63545296,7.2,1013.642857
10/07/2005,0.3,7.428571429,91.62369338,6.664285714,1019.628571
17/07/2005,5.6,6.514285714,92.19212454,7.485714286,1003.328571
24/07/2005,0.2,5.4,93.04878049,7.314285714,1014.771429
31/07/2005,26.6,3.885714286,93.10801394,7.635714286,1009.328571
07/08/2005,14.2,4.1,92.27526132,8,1010.314286
14/08/2005,0.8,4.957142857,91.31158537,8,1016.342857
21/08/2005,8,6.342857143,90.73867596,7.45,1009.714286
28/08/2005,9.4,8.242857143,90.34494774,6.142857143,998.8285714
04/09/2005,5.8,7.285714286,90.14982578,6.957142857,1006.692857
11/09/2005,10.4,3.471428571,91.51463415,7.042857143,997.5571429
18/09/2005,11.1,1.614285714,90.36472125,6.6,987.8285714
25/09/2005,26.4,2.614285714,88.71062718,6.142857143,999.7428571
02/10/2005,32.4,2.957142857,88.26829268,7.471428571,1000.271429
09/10/2005,17.7,3.314285714,87.08362369,6.614285714,1000.3
16/10/2005,10.9,1.657142857,77.02787456,6.757142857,1013.542857
23/10/2005,7.7,-0.971428571,74.57142857,6.878571429,1014.971429
30/10/2005,14.4,-1.714285714,79,6.221428571,1002.885714
06/11/2005,3,0.171428571,82.14285714,7.264285714,1001.328571
13/11/2005,6.7,1.785714286,93,7.471428571,997
20/11/2005,4.4,-1.685714286,85.28571429,6.507142857,1003.2
27/11/2005,10.9,-1.385714286,83.42857143,7.492857143,1002.157143
04/12/2005,11.7,-0.9,92.85714286,4.657142857,992.6857143
11/12/2005,0.1,-0.385714286,88.28571429,6.485714286,1019.871429
18/12/2005,1.6,-3.7,83,6.442857143,1001.842857
25/12/2005,4.2,-1.557142857,85.57142857,4.9,1015.185714
01/01/2006,4.4,0.014285714,86.71428571,6.857142857,1013.585714
08/01/2006,13.2,1.471428571,91.14285714,7.571428571,1017.471429
15/01/2006,23.3,1.1,83.57142857,7.471428571,990.2285714
22/01/2006,5.1,0.4,77.71428571,6.714285714,1014.6
29/01/2006,17.7,-0.057142857,85,7.385714286,998.3
05/02/2006,5.2,-2.385714286,81.28571429,5.514285714,1013.8
12/02/2006,22.1,-1.157142857,88.71428571,7.8,993.7857143
19/02/2006,10,-3.971428571,84.14285714,5.992857143,1005.985714
26/02/2006,10.2,-4.3,77.42857143,6.557142857,1007.857143
05/03/2006,11.4,-9.942857143,80.42857143,6.185714286,1008.085714
12/03/2006,8.1,-5.742857143,84,6.757142857,1010.814286
19/03/2006,19.9,-5.442857143,80.71428571,7.342857143,1014.428571
26/03/2006,4.5,-7.642857143,83.14285714,6.642857143,1016.842857
02/04/2006,1.4,-7.528571429,84.14285714,5.714285714,1017.7
09/04/2006,11.6,0.3,87.57142857,6.442857143,1004.485714
16/04/2006,11.4,0.028571429,89.14285714,6.142857143,1004.6
23/04/2006,6.6,1.614285714,89.28571429,7.071428571,1004.428571
30/04/2006,6.7,4.514285714,86.85714286,5.814285714,1014.285714
07/05/2006,1.3,4.957142857,85,5.242857143,1023.914286
14/05/2006,1.9,-1.142857143,70.28571429,6.228571429,1022.714286
21/05/2006,1.4,-0.228571429,76.42857143,6.171428571,1010.314286
28/05/2006,1,3.985714286,84,7.385714286,1009.714286
04/06/2006,1.1,2.042857143,79.71428571,6.442857143,1014
11/06/2006,8.5,5.142857143,87.57142857,7.485714286,1009.471429
18/06/2006,5.5,5.257142857,84.28571429,7.142857143,1001.542857
25/06/2006,24.5,5.3,88.28571429,7.771428571,1004.4
02/07/2006,2.8,6.157142857,85.57142857,6.571428571,1018.328571
09/07/2006,4.4,7.271428571,91.14285714,7.614285714,1007.5
16/07/2006,15.1,8.3,88.57142857,7.285714286,1006.9
23/07/2006,20.6,5.971428571,90.85714286,7.528571429,1008.142857
30/07/2006,0.5,4.9,90.57142857,7.871428571,1017.2
06/08/2006,3.4,6.514285714,89.14285714,7.571428571,1017.842857
13/08/2006,6.6,7.2,91,7.628571429,1013.128571
20/08/2006,0.9,5.985714286,89,7.671428571,1012.9
27/08/2006,3.5,7.357142857,93.57142857,7.428571429,1012.214286
03/09/2006,2,5.614285714,94.71428571,7.914285714,1015.614286
10/09/2006,8.1,5.557142857,92.85714286,7.428571429,1007.928571
17/09/2006,26,5.471428571,88.85714286,6.857142857,1007.585714
24/09/2006,10,1.714285714,79,6.285714286,999.4571429
01/10/2006,1.2,1.5,75,6.2,1015.171429
08/10/2006,2.6,1.542857143,83.14285714,7,1007.2
15/10/2006,7.5,1.657142857,84.42857143,7.142857143,1020.542857
22/10/2006,19.3,0.457142857,81,7.1,1010.128571
29/10/2006,0.9,-2.242857143,72.14285714,5.657142857,1010.642857
05/11/2006,12.7,-2.7,78.14285714,5.771428571,1005.714286
12/11/2006,7.9,-0.1,81,6.657142857,993.0857143
19/11/2006,15.2,0.228571429,82.85714286,5.242857143,996.4285714
26/11/2006,1.6,0.257142857,88.28571429,4.871428571,994.8142857
03/12/2006,5.6,0.171428571,88.28571429,5.971428571,1001.057143
10/12/2006,2,-0.171428571,81,5,999.3714286
17/12/2006,9.5,-0.3,85,5.871428571,977.5285714
24/12/2006,9.9,-2.285714286,78.85714286,6.814285714,996.9
31/12/2006,20.8,-0.428571429,87.14285714,7.771428571,989.5142857
07/01/2007,7.7,-0.685714286,88.57142857,6.542857143,986.7142857
14/01/2007,14.7,-1.471428571,85,5.342857143,978.7857143
21/01/2007,4,-4.271428571,79.85714286,5.671428571,996.6142857
28/01/2007,21,-7.928571429,78.28571429,6.714285714,993.4
04/02/2007,4,-2.314285714,84.28571429,5.257142857,1003.228571
11/02/2007,9.1,-6.071428571,76.57142857,5.857142857,1003.014286
18/02/2007,2.2,-5.542857143,84.28571429,4.914285714,1018.671429
25/02/2007,2.9,-4.342857143,83.14285714,4.128571429,1028.242857
04/03/2007,6.6,-3.9,85.57142857,6.714285714,995.4571429
11/03/2007,1.6,-1.2,87,7.142857143,1007.614286
18/03/2007,6.9,-1.742857143,92.57142857,7.128571429,985.1571429
25/03/2007,10.6,-1.428571429,88,7.057142857,1004.414286
01/04/2007,9.8,-2.571428571,82,6.914285714,1005.8
08/04/2007,7.5,-6.228571429,81,6.485714286,996.2714286
15/04/2007,7.9,-1.085714286,85.28571429,5.728571429,997.8428571
22/04/2007,9.8,-4.6,81.14285714,6.2,1000.371429
29/04/2007,3.4,-2.914285714,73.42857143,6.442857143,1015.157143
06/05/2007,2.4,-2.014285714,85.71428571,7.414285714,1016.142857
13/05/2007,11.2,0.585714286,84.42857143,7.042857143,1011.642857
20/05/2007,3.9,1.914285714,90.57142857,7.185714286,1003.657143
27/05/2007,2.8,-0.557142857,81.14285714,7.171428571,1008.2
03/06/2007,1.6,2.828571429,85,6.814285714,1023.757143
10/06/2007,2.2,4.314285714,91.57142857,7.914285714,1018.357143
17/06/2007,14,2.114285714,87.57142857,7.328571429,1005.028571
24/06/2007,0.6,4.142857143,89.85714286,7.771428571,1015.128571
01/07/2007,20.5,3.585714286,89.42857143,7.085714286,1008.671429
08/07/2007,0.1,5.1,89.42857143,6.742857143,1021.671429
15/07/2007,6,3.314285714,95,8,1013.528571
22/07/2007,7.2,4.571428571,91.28571429,7.242857143,1006.328571
29/07/2007,6.6,4.514285714,93.57142857,7.471428571,1007.2
05/08/2007,0.5,7.9,94.57142857,7.342857143,1008.228571
12/08/2007,1.8,7.328571429,89.71428571,6.957142857,1017.328571
19/08/2007,0.3,4.628571429,89.28571429,7.528571429,1004.642857
26/08/2007,22.3,5.514285714,89.42857143,7.342857143,1004.357143
02/09/2007,1.8,3.371428571,85.14285714,5.985714286,1003.185714
09/09/2007,4.3,4.514285714,86.28571429,5.485714286,1007.885714
16/09/2007,8.4,3.128571429,84,7,1002.657143
23/09/2007,10.9,4.357142857,92.57142857,7.157142857,997.0428571
30/09/2007,27.1,3.357142857,91.28571429,7.185714286,1012.742857
07/10/2007,23.4,4.3,86.14285714,7.471428571,1006.971429
14/10/2007,7,1.042857143,75.14285714,7.1,1002.171429
21/10/2007,21.6,2.057142857,87.57142857,7.428571429,1000.014286
28/10/2007,21.4,3.728571429,85.28571429,5.885714286,998.8
04/11/2007,4.4,1.014285714,80.85714286,7.142857143,1003.185714
11/11/2007,14,-0.171428571,81.92857143,6.328571429,997.0428571
18/11/2007,2.9,-1.3,84.21428571,5.957142857,1009.157143
25/11/2007,17.9,-1.428571429,78,6.628571429,985.8714286
02/12/2007,1.9,-1.2,77.28571429,6.185714286,1009.928571
09/12/2007,1.3,-0.2,87.42857143,6.714285714,989.0428571
16/12/2007,11.1,-0.014285714,82.42857143,5.528571429,1007.357143
23/12/2007,16.3,-0.7,81.78571429,6.714285714,999.0142857
30/12/2007,12,-2.9,77.14285714,6.614285714,990.8428571
06/01/2008,4.3,1.071428571,84.57142857,6.585714286,1022.671429
13/01/2008,3.2,-1.785714286,78.71428571,5.714285714,1006.814286
20/01/2008,3.5,-1.371428571,83,6.914285714,993.8571429
27/01/2008,5.8,-1.771428571,86.28571429,6.757142857,990.5285714
03/02/2008,12.8,-3.657142857,83.85714286,6.857142857,989.1571429
10/02/2008,4.7,-0.114285714,83,5.671428571,1008.085714
17/02/2008,24.8,-2.771428571,79.85714286,6.857142857,1001.6
24/02/2008,4.9,-3.885714286,81.28571429,5.528571429,992.3285714
02/03/2008,7.7,-4.042857143,82.71428571,6.528571429,993.4571429
09/03/2008,3.5,-4.514285714,83,5.214285714,999.8
16/03/2008,3.5,-1.914285714,88.57142857,7.5,1000.571429
23/03/2008,0.2,-11.32857143,78.71428571,6.371428571,1010.257143
30/03/2008,6.8,-7.214285714,81.14285714,6.057142857,999.0714286
06/04/2008,9.3,-9.2,82.71428571,4.571428571,1027.214286
13/04/2008,3.6,-6.014285714,81.57142857,6.757142857,1021.657143
20/04/2008,9,-2.3,78.71428571,6.6,1002
27/04/2008,2.1,-3.771428571,74.57142857,6.414285714,1017.542857
04/05/2008,6.2,-0.642857143,86.85714286,7.528571429,1024.985714
11/05/2008,26.5,-0.428571429,86.14285714,7.2,1013.114286
18/05/2008,3.6,-1.428571429,80,4.771428571,1023.457143
25/05/2008,1.4,1.014285714,83.85714286,6.671428571,1027.557143
01/06/2008,0.8,2.871428571,87.71428571,7.614285714,1013.071429
08/06/2008,1.2,1.771428571,84.14285714,7.057142857,1024.1
15/06/2008,0.4,1.6,88.28571429,7.442857143,1012.2
22/06/2008,13.2,2.957142857,81.71428571,6.671428571,1009.171429
29/06/2008,18.5,3.828571429,91,7.871428571,1007.2
06/07/2008,0.8,2.742857143,89.71428571,7.528571429,1023.571429
13/07/2008,0.8,4.185714286,86.57142857,7.242857143,1005.785714
20/07/2008,15.8,5.771428571,92.28571429,7.957142857,1006.342857
27/07/2008,3.2,5.742857143,92.57142857,7.242857143,1017.657143
03/08/2008,1.2,4.842857143,92,7.328571429,1022.985714
10/08/2008,3.8,4.442857143,89,7.485714286,1006.614286
17/08/2008,2,5.914285714,83.71428571,6.428571429,1002.557143
24/08/2008,3.7,5.328571429,95.14285714,8,1009.771429
31/08/2008,2,3.9,90.28571429,7.285714286,1019.371429
07/09/2008,16,3.328571429,89.14285714,7.614285714,1000.042857
14/09/2008,8.2,5.357142857,94,7.528571429,1025.457143
21/09/2008,11.9,7.257142857,92.71428571,7.185714286,1014.571429
28/09/2008,9.9,3.285714286,87.85714286,6.828571429,1007.614286
05/10/2008,1.4,0.557142857,76.71428571,5.342857143,1007.9
12/10/2008,2,1.685714286,83,7.571428571,1005.871429
19/10/2008,0,0.514285714,85.28571429,6.957142857,999.0857143
26/10/2008,9.9,1.271428571,88.57142857,6.571428571,987.9571429
02/11/2008,6.5,-1.857142857,78.57142857,7.285714286,999.4428571
09/11/2008,2.8,-0.028571429,88.14285714,7.585714286,1009.414286
16/11/2008,7,-2.814285714,79.85714286,7,993.5428571
23/11/2008,5.3,-2.857142857,83.42857143,6.714285714,992.3285714
30/11/2008,6.6,-1.814285714,82.57142857,6.328571429,1006.542857
07/12/2008,2.8,-2.485714286,89.85714286,6.5,1005.7
14/12/2008,3.3,0.314285714,92.57142857,7.1,1012.014286
21/12/2008,9.2,1.242857143,90.57142857,5.657142857,989.2142857
28/12/2008,13,-1.328571429,83,6.1,1005.1
04/01/2009,7.7,-8.885714286,77.85714286,6.1,1010.871429
11/01/2009,13.1,-13.44285714,82.14285714,6.042857143,989.2857143
18/01/2009,20.7,-7.885714286,84.14285714,5.642857143,999.9571429
25/01/2009,1.3,-0.685714286,88.28571429,6.814285714,999.2142857
01/02/2009,4.8,1.214285714,89.42857143,7.3,1007.671429
08/02/2009,3.1,-6,78.57142857,5.714285714,1014.742857
15/02/2009,11,-3.385714286,84.71428571,6.042857143,1006.271429
22/02/2009,6.9,-1.457142857,85.14285714,6.014285714,1008.114286
01/03/2009,12.5,-6.942857143,87.28571429,6.814285714,1002.171429
08/03/2009,2.9,0.257142857,89.42857143,6.571428571,1002.4
15/03/2009,2.3,-2.642857143,85.28571429,6.671428571,1007.114286
22/03/2009,6.4,-5.3,85.14285714,6.757142857,1005.128571
29/03/2009,6,-9.371428571,81.71428571,5.314285714,1003.971429
05/04/2009,7.8,-8.114285714,83.71428571,5.671428571,1013.857143
12/04/2009,6.1,-3.828571429,84.85714286,6.428571429,1010.7
19/04/2009,6.1,-8.628571429,72.71428571,5.514285714,1016.457143
26/04/2009,9.7,-5.514285714,85.71428571,6.814285714,1009.271429
03/05/2009,11.3,-0.828571429,86.57142857,6.814285714,1013.742857
10/05/2009,9.7,1.1,90,7.014285714,1006.314286
17/05/2009,9.4,2.414285714,92.42857143,6.757142857,1022.7
24/05/2009,0.2,1.3,75.71428571,6.485714286,1018.971429
31/05/2009,5.8,1.442857143,78.71428571,6.1,1004.685714
07/06/2009,4.1,0.828571429,81,6.957142857,1016
14/06/2009,0.2,2.942857143,83,5.857142857,1017.442857
21/06/2009,13.1,4.371428571,87.57142857,6.628571429,1009.5
28/06/2009,14.2,5.442857143,87.71428571,7.214285714,1020.985714
05/07/2009,5.4,3.871428571,88.42857143,6.571428571,1020.285714
12/07/2009,4.7,3.557142857,92.71428571,7.9,1014.171429
19/07/2009,2.9,3.457142857,91.85714286,7.614285714,1012.657143
26/07/2009,1.8,4.028571429,91.71428571,7.542857143,1010.8
02/08/2009,1.7,6.385714286,94.85714286,7.528571429,1018.757143
09/08/2009,1.9,7.8,92.14285714,5.714285714,1021.957143
16/08/2009,1,3.671428571,90.14285714,7.571428571,1010.257143
23/08/2009,44.7,4.8,94.14285714,7.528571429,1008.757143
30/08/2009,1.4,3.657142857,93.57142857,6.842857143,1015.885714
06/09/2009,29.4,3.857142857,97.57142857,7.385714286,996.8571429
13/09/2009,18.6,3.942857143,91.28571429,7.242857143,1006
20/09/2009,17.3,2.8,88,6.814285714,1003.657143
27/09/2009,30.7,4.357142857,90.28571429,7.142857143,983.7857143
04/10/2009,3.5,1,85.28571429,6.657142857,990.9
11/10/2009,5.3,-0.342857143,80.57142857,6.257142857,1001.114286
18/10/2009,17.9,0.442857143,85.71428571,6.514285714,1008.471429
25/10/2009,8.4,1.442857143,86.57142857,6.614285714,1010.114286
01/11/2009,24.2,0.885714286,87.71428571,7.3,1013.642857
08/11/2009,7.3,2.542857143,95.14285714,7.657142857,1007.628571
15/11/2009,6.3,0.371428571,89.14285714,5.7,1015.642857
22/11/2009,6.5,1.871428571,93.71428571,7.771428571,1000.2
29/11/2009,28.5,1.928571429,92.57142857,7.042857143,989.6428571
06/12/2009,3,-0.614285714,82.42857143,5.042857143,1008.328571
13/12/2009,1.8,1,89,6.328571429,1022.557143
20/12/2009,5.9,-1.914285714,84.71428571,6.242857143,1014.342857
27/12/2009,4.1,-4.128571429,76.28571429,5.042857143,1016.757143
03/01/2010,13.5,-2.328571429,89.57142857,6.771428571,1010.928571
10/01/2010,14.4,-5.514285714,80.71428571,5.857142857,1009.6
17/01/2010,13.5,-2.014285714,88.85714286,6,1011.8
24/01/2010,12.5,1.4,90.42857143,6.714285714,1017.9
31/01/2010,15.9,-1.428571429,88.57142857,6.357142857,999.9
07/02/2010,4.1,-1.742857143,90.85714286,6.628571429,1014.414286
14/02/2010,5.9,-2.928571429,86.85714286,5.528571429,1009.771429
21/02/2010,0.4,-5.871428571,74.85714286,6.142857143,1022.071429
28/02/2010,8.7,-5.457142857,82.28571429,5.957142857,1010.385714
07/03/2010,4.5,-7.528571429,78.42857143,6.114285714,1008.914286
14/03/2010,17.9,-8.028571429,81.57142857,6.842857143,995.6428571
21/03/2010,5.1,-9.642857143,85.14285714,5.271428571,1000.914286
28/03/2010,1.8,-10.44285714,86.14285714,5.671428571,1016.757143
04/04/2010,3.4,-2.928571429,90.14285714,7.057142857,1016.1
11/04/2010,0.7,1.028571429,91.42857143,6.957142857,1021.742857
18/04/2010,20.7,-1.885714286,89.42857143,7.285714286,1000.542857
25/04/2010,2.3,-4.985714286,81.71428571,5.271428571,1014.9
02/05/2010,6.5,-2.585714286,87.42857143,6.671428571,999.3
09/05/2010,9.9,0.8,86.14285714,7.542857143,1016.171429
16/05/2010,8.4,1.842857143,89.28571429,5.528571429,1019.1
23/05/2010,2.7,3.114285714,91.42857143,7.142857143,1021.257143
30/05/2010,3.2,2.071428571,90.57142857,7.714285714,1018.257143
06/06/2010,4.3,1.428571429,84.42857143,7.242857143,1011.057143
13/06/2010,3.2,0.828571429,85.57142857,7.085714286,1012.871429
20/06/2010,3.3,3.5,89.28571429,7.685714286,1010.042857
27/06/2010,13.2,3.285714286,92.57142857,7.771428571,1007.928571
04/07/2010,0.1,3.414285714,87.71428571,6.857142857,1017.885714
11/07/2010,2.1,7.028571429,94.28571429,7.771428571,1011.014286
18/07/2010,5.9,5.328571429,93.14285714,7.242857143,1012.871429
25/07/2010,2.5,5.028571429,92.28571429,7.571428571,1006.228571
01/08/2010,17.2,5.314285714,93,7.814285714,1012
08/08/2010,2.9,4.914285714,94.57142857,7.728571429,1014.757143
15/08/2010,13,5.328571429,88.85714286,6.857142857,1010.714286
22/08/2010,0.4,2.571428571,87.57142857,7.142857143,1017.114286
29/08/2010,0.5,2.171428571,89.85714286,7.342857143,1014.042857
05/09/2010,0.5,4.042857143,88,7.514285714,1013.185714
12/09/2010,3.8,4.457142857,92.85714286,7.628571429,1019.414286
19/09/2010,1.5,3.514285714,93.14285714,7.857142857,1007.628571
26/09/2010,10.3,3.485714286,94.42857143,7.728571429,1011.228571
03/10/2010,2.4,4.971428571,93,7.485714286,1015.828571
10/10/2010,19.7,5.471428571,93.71428571,7.771428571,1002.671429
17/10/2010,2.8,-0.057142857,77.28571429,7.042857143,1006.785714
24/10/2010,14.6,0.085714286,87.14285714,7.428571429,997.0714286
31/10/2010,2.9,-2.628571429,71,5.842857143,1006.242857
07/11/2010,11.2,-2.2,78.85714286,6.414285714,994.4571429
14/11/2010,6.2,-2.857142857,75.14285714,6.085714286,999.3
21/11/2010,17.9,-3.014285714,76.57142857,6.814285714,1014.942857
28/11/2010,4,-6.985714286,75.57142857,6.8,1033.014286
05/12/2010,11.2,-3.385714286,89.14285714,7.085714286,1001.828571
12/12/2010,3.4,-7.242857143,80.14285714,5.8,1005.357143
19/12/2010,17.1,-2.014285714,84.14285714,6.1,1014.385714
26/12/2010,5.5,-3.457142857,84.57142857,6.857142857,1019.442857
02/01/2011,17.1,-6.342857143,88.42857143,6.471428571,1009.328571
09/01/2011,13.9,-6.985714286,86.71428571,6.628571429,1008.328571
16/01/2011,10,-5.871428571,83.57142857,6.285714286,1008.128571
23/01/2011,5.7,-1.485714286,88.85714286,6.614285714,1002.414286
30/01/2011,15.8,-8.5,83.71428571,6.428571429,996.0428571
06/02/2011,7.6,-8.142857143,88.57142857,6.628571429,1003.171429
13/02/2011,9.3,-7.485714286,83.71428571,5.371428571,1012.1
20/02/2011,6.2,-2.828571429,81.57142857,6.2,1021.514286
27/02/2011,20.4,0.571428571,85,6.8,999.3428571
06/03/2011,22.9,-2.985714286,81.28571429,6.857142857,997.6571429
13/03/2011,10.9,-3.642857143,84.42857143,6.671428571,982.2857143
20/03/2011,19.7,6.34E-17,82.71428571,6.571428571,999.8285714
27/03/2011,17.2,-8.371428571,73,6.385714286,994.1857143
03/04/2011,3.2,-5.971428571,82.42857143,5.442857143,998.0571429
10/04/2011,7.8,-0.2,89.57142857,7.514285714,993.4857143
17/04/2011,21.4,1.185714286,88.42857143,6.342857143,990.7285714
24/04/2011,7.4,0.642857143,81.42857143,6.671428571,1008.685714
01/05/2011,4.1,1.685714286,86.71428571,6.528571429,1018.5
08/05/2011,7.6,1.142857143,85.57142857,7.057142857,1022.028571
15/05/2011,0.4,-0.257142857,76.42857143,5.442857143,1025.714286
22/05/2011,0.7,-1.485714286,82.14285714,5.942857143,1013.614286
29/05/2011,21.4,0.785714286,88.14285714,7.042857143,1005.785714
05/06/2011,9.6,3.857142857,86.85714286,7.1,1004.157143
12/06/2011,2,2.528571429,84.28571429,5.242857143,1021.885714
19/06/2011,0,-0.085714286,89.42857143,6.828571429,1021.442857
26/06/2011,3.3,0.7,92.85714286,7.957142857,1013.442857
03/07/2011,8.2,4.357142857,88.28571429,7.421428571,1019.628571
10/07/2011,1.5,4.671428571,91.42857143,7.571428571,1015.314286
17/07/2011,17.5,3.871428571,90.28571429,7.385714286,1006.671429
24/07/2011,18.5,5.685714286,92.42857143,7.442857143,1008.957143
31/07/2011,1,4.357142857,92.85714286,7.714285714,1021.6
07/08/2011,1.2,4.085714286,90.71428571,7.385714286,1017.857143
14/08/2011,2.6,5.114285714,89.28571429,7.057142857,1007.585714
21/08/2011,0,8.7,86,3.428571429,1019.357143
28/08/2011,2.1,6.485714286,93.14285714,7.328571429,1014.985714
04/09/2011,16,6.014285714,87.28571429,7,1013
11/09/2011,14.2,7.5,92.28571429,6.485714286,1001.942857
18/09/2011,39.2,5.328571429,92.42857143,6.914285714,998.9428571
25/09/2011,0.1,5.842857143,90.14285714,6.428571429,1012.742857
02/10/2011,7.3,4.957142857,92.71428571,6.985714286,1003.257143
09/10/2011,3.4,1.9,81.28571429,6.628571429,995.9142857
16/10/2011,24.4,1.728571429,82.85714286,7.342857143,1002.114286
23/10/2011,9.7,1.3,84.42857143,7.142857143,999.7
30/10/2011,7.6,3.085714286,92.14285714,7.1,1007.714286
06/11/2011,4.5,-1.2,76,5.8,1011.171429
13/11/2011,14.1,1.971428571,88,7.485714286,1007.6
20/11/2011,12.9,-3.8,81,6.242857143,1010.014286
27/11/2011,17,0.171428571,86.42857143,7.285714286,986.9571429
04/12/2011,14.2,-0.957142857,83.57142857,5.814285714,975.8714286
11/12/2011,18.7,-2.1,89,6.285714286,988.8285714
18/12/2011,8.1,-1.3,92.85714286,5.628571429,992.9
25/12/2011,7.6,-0.185714286,87.57142857,4.857142857,989
01/01/2012,6.2,-3.785714286,81.14285714,4.771428571,991.6714286
08/01/2012,0.6,-1.114285714,81.42857143,5.714285714,1003.1
15/01/2012,13.4,-1.871428571,84.14285714,4.614285714,1002.485714
22/01/2012,10.7,-0.057142857,89.42857143,6.4,1006.428571
29/01/2012,8.5,-0.128571429,86.71428571,5.057142857,1020.871429
05/02/2012,5.9,1.371428571,84.42857143,6.285714286,1025.314286
12/02/2012,21.1,-0.614285714,85.14285714,5.957142857,1010.814286
19/02/2012,16.3,-3.985714286,81.57142857,5.957142857,988.8285714
26/02/2012,10.6,-3.114285714,86.28571429,5.514285714,987.6428571
04/03/2012,10.1,-1.285714286,82.71428571,6.871428571,1000.6
11/03/2012,4.8,0.228571429,91.14285714,6.714285714,1000.671429
18/03/2012,15.9,-1.142857143,88,6.442857143,991.7285714
25/03/2012,2.1,-2.557142857,84.85714286,5.771428571,1009.828571
01/04/2012,3.6,-3.828571429,78.57142857,6.285714286,1003.242857
08/04/2012,9,-5.114285714,79.71428571,6.714285714,998.1428571
15/04/2012,0.6,-5.4,77.57142857,6.571428571,1010.157143
22/04/2012,4,-5.042857143,79.28571429,3.728571429,1015.685714
29/04/2012,8.4,-1,87.14285714,7.057142857,1011.785714
06/05/2012,9,-1.028571429,80.57142857,6.571428571,1009.814286
13/05/2012,1.1,-0.571428571,86.28571429,6,1008.771429
20/05/2012,24,1.171428571,91.71428571,7.628571429,1006.142857
27/05/2012,3.8,1.742857143,88.28571429,7.571428571,1013.514286
03/06/2012,2.8,0.957142857,79.28571429,7.128571429,1008.242857
10/06/2012,0,0.642857143,87.57142857,7.457142857,1017.842857
17/06/2012,8.4,2,92.14285714,7.771428571,1015.428571
24/06/2012,1.7,4.314285714,90.57142857,7.814285714,1012.457143
01/07/2012,3.2,4.628571429,82.42857143,6.342857143,1008.6
08/07/2012,17.2,4.757142857,88.85714286,7.614285714,1014.357143
15/07/2012,4.266666667,4.728571429,87.28571429,6.671428571,1008.028571
22/07/2012,21.93333333,3.642857143,90.85714286,7.385714286,1004.928571
29/07/2012,9.8,5.842857143,92,7.242857143,1004.714286
05/08/2012,5.5,4.785714286,91.42857143,7.728571429,1008.885714
12/08/2012,4.95,5.942857143,90.14285714,6.671428571,1009.442857
19/08/2012,3.3,5.271428571,90.57142857,7.642857143,1020.6
26/08/2012,16.3,4.971428571,87.14285714,6.7,1003.742857
02/09/2012,18.1,7.857142857,87.28571429,6.442857143,1010.714286
09/09/2012,16.3,5.4,88.42857143,7.7,993.7571429
16/09/2012,12.9,5.514285714,90,7.371428571,994.4142857
23/09/2012,13.8,4.328571429,90,7.471428571,1004.757143
30/09/2012,2.5,1.428571429,78,4.928571429,1011.642857
07/10/2012,2,1.814285714,91,7.2,1008.385714
14/10/2012,2.8,2.414285714,86.14285714,6.571428571,1019.8
21/10/2012,14.1,1.728571429,89.85714286,5.714285714,1008.185714
28/10/2012,9.8,-0.471428571,77.28571429,5.842857143,1002.828571
04/11/2012,10.4,0.928571429,86.57142857,5.814285714,1003.371429
11/11/2012,7.1,-1.214285714,79,6.771428571,992.7642857
18/11/2012,15.3,-0.185714286,82.85714286,7.228571429,997.7857143
25/11/2012,14.9,-0.542857143,81.57142857,6.414285714,1009.757143
02/12/2012,10.9,-1.285714286,81.85714286,5.614285714,1024.157143
09/12/2012,0,-2.157142857,78.42857143,3.957142857,1019.157143
16/12/2012,10.5,-1.242857143,85,3.828571429,1018.128571
23/12/2012,7.5,-3.042857143,77.28571429,5.957142857,1022.842857
30/12/2012,26.7,-5.428571429,76.57142857,6.528571429,995.2
06/01/2013,5.8,-0.628571429,92,4.528571429,996.8714286
13/01/2013,15.9,-0.528571429,81.28571429,6.242857143,1010.657143
20/01/2013,7.9,-2.128571429,81.42857143,6.571428571,1009.428571
27/01/2013,3,-5.514285714,72.42857143,6,1005.428571
03/02/2013,8.9,-2.9,88.28571429,6.771428571,993.4
10/02/2013,2.6,-1.971428571,90,3.714285714,1010.742857
17/02/2013,3.9,-0.985714286,88.14285714,5.314285714,1019.828571
24/02/2013,18.5,-6.142857143,80,6.957142857,1016.357143
03/03/2013,9.5,-6.771428571,81.28571429,6.471428571,1010.085714
10/03/2013,5.8,-14.55714286,80.14285714,5.728571429,1018.814286
17/03/2013,3.5,-9.4,80.28571429,5.757142857,1012.214286
24/03/2013,19.2,-4.9,78.57142857,5.942857143,1037.085714
31/03/2013,13.8,-5.342857143,84,6.442857143,1007.628571
07/04/2013,10.8,-7.871428571,82.57142857,6.628571429,1013.185714
14/04/2013,8.3,-7.028571429,81.71428571,5.328571429,1009.285714
21/04/2013,11,-1.942857143,89,7.142857143,1001.557143
28/04/2013,16,0.171428571,85.28571429,6.442857143,998.8
05/05/2013,4.1,0.371428571,85.42857143,5.257142857,1006.4
12/05/2013,3.9,0.457142857,82.71428571,6.371428571,1012.042857
19/05/2013,9.4,1.671428571,85,7.014285714,1021.657143
26/05/2013,0.7,2.657142857,88.14285714,6.657142857,1015.957143
02/06/2013,0.5,3.328571429,91.57142857,7.614285714,1021.014286
09/06/2013,0.3,4.285714286,90.71428571,6.528571429,1019.628571
16/06/2013,1.5,2.628571429,77.14285714,6.285714286,1010.571429
23/06/2013,2.3,7.628571429,81.85714286,6.528571429,1010.314286
30/06/2013,1.9,7.228571429,88.57142857,6.671428571,1015.571429
07/07/2013,7,8.657142857,90.57142857,6.771428571,1007.542857
14/07/2013,5.3,5.371428571,88.71428571,7.128571429,1007.014286
21/07/2013,2.3,4.957142857,90.42857143,7.185714286,1008.285714
28/07/2013,2.5,7.242857143,89.71428571,6.857142857,1017.471429
04/08/2013,0.5,7.585714286,91.57142857,7.414285714,1011.757143
11/08/2013,15.2,8.1,88.28571429,6.428571429,1009.6
18/08/2013,3.8,8.757142857,85,6.142857143,1005.771429
25/08/2013,2.9,8.371428571,88,6.328571429,1007.885714
01/09/2013,12.6,7.042857143,87,6.942857143,1002.771429
08/09/2013,0.8,6.8,83.57142857,5.628571429,1011.157143
15/09/2013,7.4,7.371428571,89.85714286,6.257142857,1007.985714
22/09/2013,0.5,7.371428571,92.14285714,3.814285714,1013.5
29/09/2013,0.8,4.257142857,84.14285714,5.9,1028.028571
06/10/2013,8.5,3.671428571,78.28571429,7,1006.071429
13/10/2013,8.5,2.185714286,81.71428571,6.228571429,1006.728571
20/10/2013,11.4,-1.814285714,79.71428571,5.557142857,1009.357143
27/10/2013,13.9,-3.078571429,74.21428571,5.057142857,1003.957143
03/11/2013,0.6,-0.514285714,71.57142857,5.428571429,998.7285714
10/11/2013,5.2,-1.542857143,76.57142857,5.671428571,990.2857143
17/11/2013,17.7,-1.457142857,81.14285714,7.1,986.3714286
24/11/2013,36.8,-2.514285714,84.28571429,6.4,987.3
01/12/2013,10.6,-6.057142857,72.14285714,6.1,995.9857143
08/12/2013,21,-6.757142857,72,4.328571429,996.2571429
15/12/2013,4.2,-3.057142857,78.42857143,5.514285714,1001.071429
22/12/2013,12,0.414285714,87.85714286,6.328571429,993.5714286
29/12/2013,20.6,-1.014285714,86.71428571,7.914285714,992.1428571
05/01/2014,1.3,-1.328571429,80.42857143,6.514285714,1011.414286
12/01/2014,9.9,-2.842857143,80.28571429,6.057142857,1015.971429
19/01/2014,2.3,-1.1,80.14285714,5.957142857,1022.085714
26/01/2014,0.4,0.1,85.71428571,6.942857143,1018.542857
02/02/2014,4.6,-1.142857143,86.85714286,7.328571429,1017.385714
09/02/2014,0.8,0.457142857,91.57142857,7.485714286,998.4
16/02/2014,5.6,0.628571429,93,6.457142857,994.9285714
23/02/2014,21.7,-1.857142857,87.57142857,5.114285714,1002.357143
02/03/2014,4,-2.971428571,79.28571429,6.485714286,1007.557143
09/03/2014,13.9,0.014285714,86,6.657142857,992.9142857
16/03/2014,2.4,-4.1,75.14285714,6.842857143,997.7142857
23/03/2014,3.2,-8.071428571,73.71428571,5.014285714,998.1
30/03/2014,22.3,-2.742857143,81.85714286,6.771428571,1012.5
06/04/2014,8.4,-5.728571429,76,6.271428571,1004.014286
13/04/2014,3.4,-4.571428571,83.71428571,5.671428571,1003.628571
20/04/2014,30.7,-3.085714286,80.28571429,5.728571429,997.3571429
27/04/2014,9.1,-2.071428571,84,6.471428571,1015.371429
04/05/2014,1.2,-4.871428571,78.71428571,6.428571429,1017.2
11/05/2014,0.5,-1.228571429,81.57142857,5.957142857,1017.657143
18/05/2014,16.7,-1.257142857,82.42857143,5.885714286,1009.557143
25/05/2014,1.7,-0.042857143,81.28571429,6.814285714,1020.5
01/06/2014,1.4,2.114285714,88,7.285714286,1026.642857
08/06/2014,2.2,3.285714286,94,7.528571429,1021.128571
15/06/2014,2.1,3.071428571,84.57142857,6.771428571,1015.1
22/06/2014,3.1,0.6,82.28571429,7,1013.2
29/06/2014,3.2,4.3,87.28571429,6.8,1021.1
06/07/2014,1.3,5.114285714,90.71428571,7.328571429,1015.642857
13/07/2014,1.9,6.357142857,90.71428571,5.914285714,1021.457143
20/07/2014,0.35,6.842857143,92,7.085714286,1020.7
27/07/2014,4.3,7.614285714,96.57142857,7.528571429,1016.528571
03/08/2014,3,5.114285714,92,7.114285714,1010.614286
10/08/2014,2.2,4.557142857,93.57142857,7.3,1018.571429
17/08/2014,4.7,4.614285714,94.28571429,7.728571429,1005
24/08/2014,0.5,4.471428571,88.85714286,7,1010.314286
31/08/2014,1.2,5.157142857,89,6.914285714,1016.142857
07/09/2014,14.8,5.814285714,94.71428571,7.385714286,1008.128571
14/09/2014,33.1,4.757142857,87.57142857,7.014285714,1005.357143
21/09/2014,9.1,3.371428571,84.14285714,6.914285714,1012.014286
28/09/2014,3.2,2.2,83.57142857,6.3,1003.514286
05/10/2014,15.4,5.185714286,89.42857143,6.757142857,1012.685714
12/10/2014,0.2,1.414285714,82,6.614285714,1025.414286
19/10/2014,11.2,-1.385714286,80.57142857,6.2,1015.185714
26/10/2014,5.1,2.585714286,87,6.3,1006.028571
02/11/2014,5.6,0.171428571,84,6.671428571,1001.457143
09/11/2014,15.4,-2.3,78.85714286,6.985714286,999.4285714
16/11/2014,12.4,-2.457142857,77.57142857,6.128571429,1020.371429
23/11/2014,7.5,2.585714286,94.42857143,7.685714286,1013.985714
30/11/2014,4.4,1.671428571,85,6.042857143,1014.214286
07/12/2014,35,-0.157142857,85,6.771428571,995.4285714
14/12/2014,17.7,-1.7,86,5.528571429,982.5428571
21/12/2014,15.3,-2.671428571,73.71428571,6.471428571,992.2857143
28/12/2014,5.3,-8.4,79.42857143,7.328571429,1008.128571
04/01/2015,9.3,-0.814285714,92,6.242857143,986.2
11/01/2015,11.7,-1.157142857,82.85714286,5.185714286,1001.9
18/01/2015,3.2,-4.214285714,77.85714286,5.5,1000.428571
25/01/2015,5.9,-0.728571429,83.28571429,5.1,1011.314286
01/02/2015,7.1,-6.142857143,76,6.342857143,1005.1
08/02/2015,16.3,-6.042857143,76.57142857,5.614285714,999.2857143
15/02/2015,54.8,-7.171428571,82.42857143,6.628571429,990.5285714
22/02/2015,22.3,-3.885714286,87.71428571,6.714285714,986.5857143
01/03/2015,17.7,-2.271428571,83.71428571,6.542857143,995.1571429
08/03/2015,11.6,0.8,90,6.342857143,986.8285714
15/03/2015,28,0.628571429,85.14285714,7.442857143,998.1285714
22/03/2015,10.6,-3.928571429,77.85714286,6.371428571,1014.628571
29/03/2015,8.5,-3.1,83.71428571,5.557142857,1004.6
05/04/2015,9.2,-3.1,84.42857143,6.471428571,1003
12/04/2015,8.7,-1.242857143,88.85714286,6.528571429,993.7857143
19/04/2015,5.1,1.557142857,86.28571429,6.042857143,1003.228571
26/04/2015,5.1,-1.514285714,82.42857143,7.142857143,1008.2
03/05/2015,4.7,-5.485714286,75.92857143,6.371428571,1015.785714
10/05/2015,4.1,-1.085714286,89.71428571,6.871428571,1010.157143
17/05/2015,0.3,-1.214285714,85.71428571,6.557142857,1012.257143
24/05/2015,2,1.542857143,88.42857143,7.342857143,1006.471429
31/05/2015,0.4,-0.7,89.14285714,7.142857143,1013.542857
07/06/2015,0.4,0.885714286,86.57142857,6.771428571,1003.285714
14/06/2015,13.4,2.842857143,91.57142857,7.242857143,996.8285714
21/06/2015,0.8,3.8,88.42857143,6.871428571,1010.728571
28/06/2015,0.2,2.3,90.28571429,7.185714286,1016.057143
05/07/2015,2.4,3.728571429,85.14285714,5.814285714,1020.842857
12/07/2015,5.8,1.685714286,95,7.242857143,1018.485714
19/07/2015,1.5,3.357142857,95.14285714,7.1,1011.571429
26/07/2015,0.4,4.128571429,93.42857143,7.328571429,1011.6
02/08/2015,10.5,5.1,97,6.771428571,1012
09/08/2015,7.2,6.557142857,97.42857143,7.614285714,1014.8
16/08/2015,8.1,6.771428571,96.14285714,6.385714286,1016.828571
23/08/2015,10.9,7.657142857,91.57142857,6.957142857,1021.442857
30/08/2015,1.3,6.385714286,92.85714286,6.914285714,1013.142857
06/09/2015,3.2,3.242857143,84.57142857,5.857142857,1010.871429
13/09/2015,8.8,5.785714286,95,7.414285714,1014.928571
20/09/2015,4.9,3.6,95.28571429,6.085714286,1015.171429
27/09/2015,1.2,3.614285714,97,6.757142857,1015.3
04/10/2015,23.8,1.942857143,79.85714286,6.085714286,1001.485714
11/10/2015,3.1,1.985714286,89.42857143,3.9,1025.2
18/10/2015,14.9,2.414285714,90.28571429,6.685714286,1005.285714
25/10/2015,18.2,2,91.28571429,6.042857143,992.1857143
01/11/2015,13.8,1.142857143,86.28571429,7.157142857,1007.428571
08/11/2015,6.7,-0.785714286,86.14285714,5.757142857,1002.928571
15/11/2015,8,1.828571429,87.71428571,5.828571429,997.3571429
22/11/2015,7.9,-1.8,76.85714286,4.814285714,996.3
29/11/2015,14.4,-0.4,90.57142857,7.042857143,983.1142857
06/12/2015,6.4,0.257142857,91.71428571,5.685714286,983.2714286
13/12/2015,8.45,-3.928571429,73.85714286,4.557142857,999.2285714
20/12/2015,29.9,-3.757142857,75,6.342857143,994.1142857
27/12/2015,33.8,-3.2,81.71428571,6.142857143,984.0142857
03/01/2016,17.7,2.571428571,87.85714286,6.428571429,1016.2
10/01/2016,1.2,-1.771428571,83.57142857,5.814285714,1016.3
17/01/2016,2.7,-4.4,82,4.128571429,1019.785714
24/01/2016,3.25,-2.428571429,86.71428571,5.185714286,1007.885714
31/01/2016,5,-1.757142857,88.42857143,5.914285714,982.7714286
07/02/2016,7.1,-2.328571429,86.85714286,6.185714286,992.4428571
14/02/2016,9.7,-3.128571429,77.85714286,5.814285714,995.9428571
21/02/2016,10.4,-1.157142857,90.28571429,5.714285714,999.1714286
28/02/2016,2.1,-1.814285714,83.85714286,6.228571429,1002.4
06/03/2016,10.7,-0.757142857,86.42857143,6.242857143,1002.471429
13/03/2016,4,-0.2,91.28571429,6.1,1010.885714
20/03/2016,6.2,-4.785714286,72.85714286,6.414285714,1007.671429
27/03/2016,5.5,-4.971428571,80.28571429,6.371428571,1000.585714
03/04/2016,20.5,-0.971428571,88,6.614285714,998.5428571
10/04/2016,2.8,-0.985714286,84.14285714,6.814285714,1012.542857
17/04/2016,1.1,-4.771428571,77.14285714,6.428571429,1010.957143
24/04/2016,3.8,-1.414285714,81.42857143,6,1010.528571
01/05/2016,6.5,0.2,92.42857143,7.114285714,1026.242857
08/05/2016,15,1.8,94.57142857,6.9,1016
15/05/2016,18.5,2.614285714,91,7.142857143,1008.142857
22/05/2016,8.7,2.814285714,85.42857143,6.242857143,1002.514286
29/05/2016,9.45,3.271428571,91.42857143,7.771428571,1018.6
05/06/2016,1,3.285714286,84.85714286,6.914285714,1020.7
12/06/2016,0.7,3.05,81.35714286,6.428571429,1014.7
19/06/2016,6,3.657142857,87.85714286,6.757142857,1010.928571
26/06/2016,0.2,6.8,83.57142857,5.728571429,1013.757143
03/07/2016,0.7,5.442857143,94.42857143,7.385714286,1009.8
10/07/2016,7.5,5.142857143,94.85714286,7.528571429,1010.4
17/07/2016,11.5,5.128571429,99.14285714,8,1006.071429
24/07/2016,14.3,7.228571429,95.85714286,7.585714286,1011.242857
31/07/2016,1.1,5.471428571,91.71428571,5.9,1018.271429
07/08/2016,0.6,5.871428571,89.71428571,6.857142857,1010.814286
14/08/2016,18.2,5.628571429,91,7.057142857,1002.771429
21/08/2016,1,7.571428571,92.28571429,6.614285714,1016.014286
28/08/2016,2.3,5.514285714,84.42857143,5.957142857,1010.557143
04/09/2016,10.8,5.385714286,85.42857143,6.757142857,997.9285714
11/09/2016,1.9,4.5,89.14285714,6.871428571,1013.057143
18/09/2016,9.8,6.428571429,93.28571429,7.342857143,1012.957143
25/09/2016,3,6.857142857,96.42857143,7.142857143,1016.428571
02/10/2016,15.9,6.442857143,97.14285714,7.614285714,995.8571429
09/10/2016,8.8,5.728571429,88.28571429,6.785714286,1027.885714
16/10/2016,6.9,5.471428571,88.85714286,7.142857143,1021.671429
23/10/2016,0.8,5.242857143,92.57142857,6.428571429,1025.6
30/10/2016,9.2,4.285714286,85.71428571,6.071428571,1014.242857
06/11/2016,3.5,0.328571429,78.28571429,5.185714286,1026.3
13/11/2016,14.8,3.214285714,84.28571429,7.1,1013.028571
20/11/2016,21.2,3.671428571,87.14285714,5.378571429,991.9857143
27/11/2016,4,-0.371428571,74.71428571,5.942857143,1010.957143
04/12/2016,9.9,-2.185714286,72,3.585714286,1005.457143
11/12/2016,12.1,-4.128571429,73,6.242857143,1004.057143
18/12/2016,8.2,0.271428571,85.85714286,6.7,1002.9
25/12/2016,23.5,1.328571429,82.57142857,5.685714286,980.1142857
01/01/2017,16.4,-1.971428571,75,4.657142857,994.9428571
08/01/2017,13.7,-2.057142857,80.71428571,4.842857143,999.9857143
15/01/2017,10.9,-2.942857143,74.57142857,6.042857143,991.1428571
22/01/2017,38,-3.071428571,76.28571429,6.442857143,994.2142857
29/01/2017,30.15,-3.128571429,83.57142857,7.042857143,996.1142857
05/02/2017,18.6,-3.1,85,6.285714286,1008.6
12/02/2017,8.5,2.014285714,87.57142857,6.271428571,1025.342857
19/02/2017,16.2,-4.828571429,73.85714286,6.657142857,1005.171429
26/02/2017,14.2,-5.728571429,76.14285714,6.571428571,991.7
05/03/2017,0.2,-4.385714286,79.14285714,6.414285714,1009.128571
12/03/2017,12.1,-2.757142857,84.28571429,7.042857143,1007.942857
19/03/2017,17.6,-2.585714286,81,6.1,983.4857143
26/03/2017,12.8,-2.314285714,85.14285714,6.714285714,991.0428571
02/04/2017,5,-10.04285714,73.28571429,4.514285714,1008.714286
09/04/2017,10.3,-4.128571429,84.85714286,6,1002.985714
16/04/2017,2,-3.871428571,76.57142857,6.171428571,1016.257143
23/04/2017,13.8,-3.214285714,83.42857143,6.771428571,1009.957143
30/04/2017,3.7,-1.071428571,81.57142857,6.2,1019.157143
07/05/2017,5,-2.157142857,83.71428571,7.371428571,1022.457143
14/05/2017,1,-3.542857143,79.28571429,6.714285714,1027.085714
21/05/2017,5.5,0.457142857,88,6.8,1017.671429
28/05/2017,7,-1.128571429,76.42857143,6.571428571,1014.785714
04/06/2017,5.2,-0.885714286,87.42857143,7.585714286,1017.471429
11/06/2017,4.9,1.514285714,92.85714286,6.142857143,1020.314286
18/06/2017,3,3.014285714,91,6.971428571,1007.157143
25/06/2017,3.5,2.714285714,89,6.471428571,1009.842857
02/07/2017,1.9,4.385714286,83.14285714,6.542857143,1009.585714
09/07/2017,10.3,6.014285714,85.14285714,6.757142857,1007.857143
16/07/2017,7.1,6.242857143,89.42857143,7.385714286,1007.814286
23/07/2017,21.4,6.828571429,93.14285714,7.728571429,1014.871429
30/07/2017,0.5,5.542857143,92.57142857,7.242857143,1014.6
06/08/2017,0.2,5.457142857,90.57142857,6.857142857,1012.5
13/08/2017,7,6.857142857,94.85714286,7.257142857,1008.657143
20/08/2017,8.2,5.4,82,6.771428571,1008.385714
27/08/2017,3.2,5.971428571,90.14285714,6.742857143,1014.842857
03/09/2017,10.9,6.957142857,89.71428571,7.371428571,1002.157143
10/09/2017,0.7,6.9,92.14285714,6.128571429,1017.157143
17/09/2017,6.4,5.285714286,90.71428571,7.371428571,1008.7
24/09/2017,3.2,6.357142857,88.14285714,6.8,1024.557143
01/10/2017,3.1,7.542857143,94,5.114285714,1030.4
08/10/2017,0.5,3.528571429,90,6.342857143,1004.957143
15/10/2017,4.2,4.285714286,89.57142857,6.028571429,1011.157143
22/10/2017,5.9,2.542857143,84.57142857,6.085714286,1014.157143
29/10/2017,6.8,2.414285714,85.57142857,6.285714286,997.8428571
05/11/2017,24.9,0.428571429,85.71428571,6.142857143,988.2428571
12/11/2017,10.4,1.385714286,87.85714286,5.042857143,997.5285714
19/11/2017,5.6,0.9,85.14285714,5.285714286,1005.828571
26/11/2017,7.9,-0.714285714,78.85714286,5.1,1017.585714
03/12/2017,24.3,-1.028571429,78.71428571,6.428571429,996.9
10/12/2017,6.4,-0.385714286,82.28571429,6.471428571,1000.157143
17/12/2017,9.8,-0.457142857,86.14285714,5.8,992.4571429
24/12/2017,35.4,-0.171428571,82.57142857,5.957142857,987.0285714
31/12/2017,9.3,-3.771428571,75,6.714285714,1000.157143
07/01/2018,35.4,-4.871428571,80.85714286,6.614285714,998.5
14/01/2018,2.4,0.142857143,89.71428571,5.985714286,1011.442857
21/01/2018,2.9,-0.385714286,86.85714286,6.485714286,1002.814286
28/01/2018,3.8,-2.714285714,80.71428571,5.428571429,1008.828571
04/02/2018,3.2,-2.071428571,82.85714286,6.142857143,1014
11/02/2018,17.6,0.9,88.42857143,5.385714286,998.7285714
18/02/2018,0.9,-1.771428571,85.71428571,5.128571429,1015.771429
25/02/2018,4.6,-3.885714286,73.71428571,4.514285714,1035.242857
04/03/2018,2.8,-3.9,73.71428571,6.285714286,1031.385714
11/03/2018,6.9,-5.157142857,76.28571429,5.271428571,1020.471429
18/03/2018,18.65,-5.514285714,76.42857143,6.842857143,1014.357143
25/03/2018,0.5,-8.542857143,70.28571429,5.728571429,1008.185714
01/04/2018,1.1,-8.157142857,75.85714286,6.271428571,1009.785714
08/04/2018,5.4,-5.714285714,83.57142857,6.485714286,1013.685714
15/04/2018,2,-1.014285714,83.28571429,7.042857143,1014.742857
22/04/2018,3.6,-1.428571429,82,6.4,1016.471429
29/04/2018,0.9,-3.957142857,81.42857143,6.1,1007.985714
06/05/2018,5.3,2.957142857,86.85714286,4.514285714,1012.385714
13/05/2018,13.4,4.171428571,88.14285714,6.385714286,1012.814286
20/05/2018,3.4,3.785714286,86.28571429,6.9,1009.742857
27/05/2018,16.1,3.685714286,84.71428571,6.642857143,1011.271429
03/06/2018,7,3.257142857,86,7.185714286,1011
10/06/2018,1.5,1.928571429,82.14285714,6.957142857,1008.7
17/06/2018,15.9,3.585714286,82.71428571,6.7,1004.457143
24/06/2018,17.1,3.171428571,94,7.857142857,1003.242857
01/07/2018,8.4,4.957142857,92.57142857,7.728571429,1006.914286
08/07/2018,0.7,6.628571429,92,7.528571429,1015.285714
15/07/2018,5.2,6.885714286,93.57142857,7.385714286,1013.085714
22/07/2018,8,7.157142857,95.71428571,7.671428571,1012.771429
29/07/2018,2.7,8.871428571,90.14285714,6.114285714,1015.328571
05/08/2018,8.7,7.842857143,95.71428571,7.385714286,1016
12/08/2018,6.6,5.171428571,90.42857143,7.185714286,1007.342857
19/08/2018,5.4,6.114285714,92.42857143,7.328571429,1003.657143
26/08/2018,3.1,4.7,92,7.342857143,1000.371429
02/09/2018,17,6.942857143,89.42857143,6.757142857,1009.771429
09/09/2018,13.9,5.7,89.71428571,6.871428571,1017.5
16/09/2018,21.5,4.514285714,97,7.485714286,1005.114286
23/09/2018,23.5,3.314285714,90.14285714,7.871428571,996.0428571
30/09/2018,12.3,0.757142857,79.42857143,5.942857143,993.2285714
07/10/2018,5.5,1.014285714,79.57142857,6.642857143,999.6428571
14/10/2018,11.9,1.942857143,88.71428571,6.571428571,1000.714286
21/10/2018,7.8,3.342857143,94.14285714,6.285714286,997.9285714
28/10/2018,10.1,0.885714286,82,6.328571429,1004.371429
04/11/2018,9.6,1.985714286,92.71428571,6.671428571,1011.157143
11/11/2018,15.8,2.714285714,94.57142857,7.1,1013
18/11/2018,9.5,0.571428571,84.42857143,7.3,1012.542857
25/11/2018,9.8,0.014285714,82.28571429,6.8,1011.971429
02/12/2018,21.3,-1.885714286,80.71428571,6.128571429,997.7142857
09/12/2018,7,0.742857143,89.14285714,5.528571429,991.0285714
16/12/2018,8.7,1.414285714,85.42857143,6.914285714,1009.285714
23/12/2018,7.3,-0.671428571,81.28571429,5.985714286,1013.442857
30/12/2018,7.8,-5.714285714,72.14285714,6.685714286,999.2285714
06/01/2019,9.9,-2.914285714,81.42857143,6.442857143,1004.842857
13/01/2019,47.6,-1.985714286,85.14285714,6.914285714,987.2285714
20/01/2019,1.4,-6.542857143,70.42857143,6.1,998.2142857
27/01/2019,1,-5.742857143,77.42857143,4.614285714,1017.942857
03/02/2019,7.3,-2.128571429,82.85714286,7.528571429,1012.814286
10/02/2019,0.4,-2.685714286,80.42857143,5.285714286,1005.8
17/02/2019,7.2,-4.842857143,79.85714286,6.285714286,999.6714286
24/02/2019,14.2,-5.871428571,79.57142857,5.685714286,1003.171429
03/03/2019,3.6,-10.21428571,77.85714286,5.8,1004.271429
10/03/2019,1.1,-12.35714286,76.42857143,4.857142857,997.9857143
17/03/2019,11.8,-8.628571429,85.71428571,4.842857143,998.1
24/03/2019,16.1,-1.828571429,84.42857143,6.628571429,992.2
31/03/2019,10.1,-3.514285714,84.28571429,6.757142857,988.8857143
07/04/2019,13.9,-3.285714286,79.14285714,6.657142857,1011.442857
14/04/2019,1.7,-1.771428571,86.71428571,7.428571429,1023.285714
21/04/2019,4.8,1.928571429,91,7.514285714,1017.157143
28/04/2019,5.3,0.285714286,87.14285714,6.757142857,1020.828571
05/05/2019,2.9,-3.757142857,78.57142857,6.942857143,1014.4
12/05/2019,11.5,-2.114285714,83.71428571,7.428571429,1019.242857
19/05/2019,13.4,0.514285714,89.28571429,7.228571429,1020.542857
26/05/2019,1.3,-1.042857143,78.71428571,6.914285714,1020.657143
02/06/2019,1.6,1.071428571,90.42857143,7.385714286,1009.857143
09/06/2019,1,2.628571429,85.28571429,6.028571429,1017.714286
16/06/2019,0.1,3.6,85.28571429,5.857142857,1021.8
23/06/2019,0,3.785714286,84.71428571,5.385714286,1013.371429
30/06/2019,3.7,4.871428571,89.14285714,6.614285714,1004.2
07/07/2019,27.4,4.257142857,92.42857143,6.242857143,1009.642857
14/07/2019,1.4,5.514285714,92,6.257142857,1019.042857
21/07/2019,0.1,5.385714286,88.57142857,6.771428571,1017
28/07/2019,29,4.971428571,95.85714286,7.485714286,1019.614286
04/08/2019,0.3,3.057142857,95.42857143,7.771428571,1025.457143
11/08/2019,0.6,3.7,88.85714286,6.442857143,1017.671429
18/08/2019,5.3,4.771428571,86.14285714,6.1,1008.4
25/08/2019,24.6,4.471428571,89.57142857,7.114285714,1012.771429
01/09/2019,18.4,7.071428571,94.14285714,6.328571429,1010.228571
08/09/2019,14.4,4.985714286,91.71428571,6.357142857,1004.142857
15/09/2019,10.9,7.014285714,91.71428571,6.328571429,1001.742857
22/09/2019,8.1,2.042857143,81.85714286,6.671428571,1012.871429
29/09/2019,3.9,3.3,91.14285714,7.471428571,1010.371429
06/10/2019,1.8,2.071428571,84.71428571,6.371428571,1017.228571
13/10/2019,0.9,1.057142857,83.42857143,6.528571429,1010.185714
20/10/2019,6.1,-0.414285714,82.85714286,6.085714286,1010.857143
27/10/2019,15.2,-3.014285714,72,6.285714286,1006.928571
03/11/2019,4.9,-2.257142857,77.42857143,5.8,1005.657143
10/11/2019,6.4,-2.185714286,78.85714286,5.242857143,1014.914286
17/11/2019,0.8,-1.228571429,89,6.142857143,1017.314286
24/11/2019,4.6,-0.128571429,94.14285714,5.671428571,1017.628571
01/12/2019,66.7,-4.685714286,86,7.142857143,998.6
08/12/2019,9.2,-3.314285714,83.14285714,6.185714286,986.5571429
15/12/2019,11.5,-3.414285714,86.14285714,6.471428571,994.7
22/12/2019,12.1,-3.971428571,87.28571429,6.628571429,1004.314286
29/12/2019,17.4,-1.6,88.14285714,6.442857143,1007.5
05/01/2020,1.6,-8.214285714,75.28571429,5.285714286,987.7857143
12/01/2020,11.4,-2.914285714,82.28571429,6.914285714,986.4857143
19/01/2020,1.5,-8.485714286,73.71428571,4.871428571,1003.057143
26/01/2020,10.7,-8.142857143,82.71428571,6.285714286,999.5428571
02/02/2020,6.2,-3.114285714,83.28571429,6.714285714,998
09/02/2020,27,-5.685714286,79.71428571,6.057142857,990.7
16/02/2020,19.7,-7.442857143,85.42857143,6.814285714,983.0857143
23/02/2020,14,-6.7,85.28571429,6.571428571,977.9285714
01/03/2020,20.1,-13.21428571,80.57142857,5.385714286,993.9
08/03/2020,2.7,-5.571428571,86.28571429,5.714285714,1002.842857
15/03/2020,7.1,-12.95714286,77.71428571,5.442857143,992.2571429
22/03/2020,9.6,-9.514285714,77.57142857,5.185714286,1002.685714
29/03/2020,24.9,-3.485714286,84.28571429,6.6,995.2714286
05/04/2020,11.9,-10.17142857,81,5.671428571,1002.4
12/04/2020,8.5,-8.242857143,80.71428571,6.5,1006.942857
19/04/2020,2.9,-1.6,87.14285714,5.428571429,1004
26/04/2020,0.2,-2.514285714,73.14285714,3.285714286,1016.128571
03/05/2020,0,-2.471428571,82.85714286,5.185714286,1015.985714
10/05/2020,7.1,-1.071428571,90.85714286,7,999.7714286
17/05/2020,16.8,-2.442857143,89.14285714,7.157142857,1002.571429
24/05/2020,0.1,0.371428571,88.71428571,6.428571429,1018.242857
31/05/2020,7.3,3.3,92.57142857,6.5,1017.571429
07/06/2020,3.6,2.428571429,94.71428571,7.571428571,1011.4
14/06/2020,3.4,3.328571429,89,7.085714286,1012.842857
21/06/2020,3.6,3.714285714,88.28571429,7.214285714,1017.142857
28/06/2020,6.9,3.385714286,94.57142857,7.871428571,1018.2
05/07/2020,2.8,2.614285714,93.57142857,7.671428571,1003.942857
12/07/2020,36.7,4.214285714,95.71428571,7.614285714,1003.614286
19/07/2020,6.3,5.557142857,91.85714286,7.285714286,1013.7
26/07/2020,10.5,6.742857143,92.85714286,5.371428571,1012.142857
02/08/2020,0,8.828571429,88.14285714,2.142857143,1017.457143
09/08/2020,0.3,6.628571429,93.85714286,6.771428571,1012.842857
16/08/2020,9.9,7.957142857,92.14285714,6.914285714,1010.3
23/08/2020,22.2,5.471428571,92.71428571,7.442857143,1000.7
30/08/2020,2.4,4.271428571,86,5.342857143,999.4857143
06/09/2020,30.1,6.857142857,90.14285714,6.914285714,1004.414286
13/09/2020,1.4,4.842857143,93.28571429,6.857142857,996.0857143
20/09/2020,4.5,4.071428571,91.85714286,6.757142857,1005.2
27/09/2020,16.3,2.957142857,87.14285714,5.842857143,997.6857143
04/10/2020,0.6,4.114285714,91.85714286,5.942857143,1020.757143
11/10/2020,1.1,4.142857143,94.42857143,7.185714286,1012.728571
18/10/2020,5.5,0.857142857,85.42857143,6.857142857,1017.785714
25/10/2020,1,0.357142857,79.42857143,5.871428571,1016.014286
01/11/2020,5.4,0.9,83.28571429,6.957142857,999.4
08/11/2020,14.6,1.442857143,93.85714286,6.9,985.3714286
15/11/2020,8.5,2.9,88.14285714,7.257142857,1005
22/11/2020,12.1,-1.842857143,76.71428571,5.957142857,993.5857143
29/11/2020,16.8,-0.542857143,84.14285714,5.171428571,1001.557143
06/12/2020,13.9,-2.071428571,79.42857143,5.328571429,1003.114286
13/12/2020,14,-2.785714286,81.42857143,5.428571429,1015.285714
20/12/2020,5.3,-3.442857143,82,6.514285714,1014.5
27/12/2020,15.8,0,88.14285714,5.714285714,1008.2
03/01/2021,6.2,0.285714286,92.42857143,7.042857143,1012.771429
10/01/2021,11,-0.114285714,84.85714286,6.014285714,1011.3
17/01/2021,3.8,-0.771428571,89.28571429,5.9,1011.314286
24/01/2021,2.7,-3.957142857,74.71428571,4.757142857,1016.871429
31/01/2021,1,-5.571428571,72,5.557142857,1019.142857
07/02/2021,1.2,-5.1,74.14285714,3.485714286,1028.171429
14/02/2021,8.9,-6.657142857,77.85714286,5.914285714,1022.414286
21/02/2021,2.4,-3.028571429,84.85714286,5.714285714,1019.128571
28/02/2021,13.8,-0.685714286,89.42857143,7.1,998.7142857
07/03/2021,14,-7.014285714,78.85714286,6.371428571,1006.771429
14/03/2021,7.1,-3.9,83.28571429,6.757142857,1001.528571
21/03/2021,29.2,-6.842857143,82.71428571,6.085714286,1004.585714
28/03/2021,18.4,-0.642857143,83.28571429,6.671428571,987.3571429
04/04/2021,5,-2.071428571,90.85714286,6.8,996.7571429
11/04/2021,20.4,-2.785714286,89,6.857142857,987.8142857
18/04/2021,7.8,-2.628571429,82.57142857,6.957142857,1015.771429
25/04/2021,2.8,-1.514285714,85.14285714,6.485714286,1012.857143
02/05/2021,1.4,-4.885714286,75.28571429,6.857142857,1016.471429
09/05/2021,1.1,-2.271428571,86,6.185714286,1016.742857
16/05/2021,2,-0.914285714,78.57142857,6.342857143,1018.357143
23/05/2021,1.8,-1.8,81.71428571,6.428571429,1016.342857
30/05/2021,1.8,0.785714286,84.85714286,6.485714286,1017.342857
06/06/2021,1.2,3.2,90.85714286,6,1018.428571
13/06/2021,21.7,1.4,96.28571429,7.8,1003.885714
20/06/2021,11.6,2.585714286,88.28571429,6.828571429,1003.357143
27/06/2021,4.3,4.428571429,91.71428571,7.157142857,1012.928571
04/07/2021,3,5.042857143,91.28571429,7.257142857,1005.671429
11/07/2021,0.8,5.571428571,90.71428571,6.485714286,1012.6
18/07/2021,28.1,5.085714286,93.85714286,7.171428571,1003.7
25/07/2021,4.8,4.057142857,91.71428571,7.1,1000.928571
01/08/2021,4.3,3.828571429,95.57142857,7.685714286,1010.942857
08/08/2021,9.2,6.257142857,92.85714286,6.757142857,1008.542857
15/08/2021,6.1,6.071428571,92.14285714,6.185714286,1007.828571
22/08/2021,0.8,4.328571429,89.14285714,6.614285714,1013.2
29/08/2021,4.5,5.5,93.85714286,7.285714286,1018.428571
05/09/2021,1.9,4.357142857,92.14285714,6.842857143,1011.071429
12/09/2021,5.8,2.878571429,90.92857143,6.671428571,1008.414286
19/09/2021,3,4.671428571,91.85714286,6.028571429,1019.171429
26/09/2021,17.2,6.514285714,90.71428571,5.671428571,1000.7
03/10/2021,2.1,5.9,96.85714286,7.014285714,1017.4
10/10/2021,20,3.142857143,90,6.471428571,1007.057143
17/10/2021,8.8,1.514285714,89.42857143,6.614285714,1001.357143
24/10/2021,3.9,-1.871428571,69.28571429,5.657142857,1010.671429
31/10/2021,5.8,-0.2,79.28571429,6.042857143,1008.657143
07/11/2021,6.6,-0.742857143,79.42857143,6.571428571,1002.928571
14/11/2021,4.7,-3.542857143,74.14285714,5.942857143,1010.171429
21/11/2021,49.6,-1.514285714,86.42857143,6.814285714,999.8714286
28/11/2021,6.8,-7.271428571,71.85714286,5,1004.528571
05/12/2021,1.4,-3.314285714,81,4.185714286,1007.7
12/12/2021,3.8,-1.842857143,92.28571429,4.842857143,1012.285714
19/12/2021,5.3,-1.185714286,93.28571429,4.7,1004.942857
26/12/2021,2.1,-5.171428571,83.71428571,6.1,1016.385714
31/12/2021,0.3,-7.74,78.8,5.98,1008.54
